GCA_001567245.1_ASM156724v1_genomic	{'marker lineage': 'k__Bacteria', '# genomes': 2993, '# markers': 143, '# marker sets': 89, '0': 42, '1': 101, '2': 0, '3': 0, '4': 0, '5+': 0, 'Completeness': 62.30847803881511, 'Contamination': 0.0, 'GC': 0.4161245104602418, 'GC std': 0.027377863751370902, 'Genome size': 906719, '# ambiguous bases': 0, '# scaffolds': 47, '# contigs': 47, 'Longest scaffold': 84517, 'Longest contig': 84517, 'N50 (scaffolds)': 35879, 'N50 (contigs)': 35879, 'Mean scaffold length': 19291.893617021276, 'Mean contig length': 19291.893617021276, 'Coding density': 0.8877987557335845, 'Translation table': 11, '# predicted genes': 1204, 'GCN0': ['PF13932', 'TIGR03723', 'PF06071', 'TIGR00460', 'PF12631', 'PF02410', 'TIGR01063', 'PF00573', 'TIGR03594', 'PF02768', 'PF03726', 'TIGR00575', 'PF04760', 'PF00338', 'PF10396', 'PF00276', 'PF02978', 'PF01121', 'TIGR01133', 'PF02699', 'TIGR00595', 'PF03948', 'PF07497', 'TIGR00593', 'PF05000', 'PF02938', 'PF13603', 'TIGR01951', 'TIGR02432', 'PF02033', 'PF02130', 'TIGR00019', 'TIGR00445', 'PF01281', 'TIGR00755', 'PF03947', 'TIGR01085', 'TIGR00344', 'PF00297', 'PF00684', 'PF00181', 'TIGR00064'], 'GCN1': ['PF00627', 'PF00886', 'PF08529', 'PF00673', 'TIGR00922', 'PF04997', 'PF01018', 'PF11987', 'PF00453', 'PF01196', 'PF02403', 'PF00333', 'PF00298', 'PF01409', 'PF01649', 'PF00237', 'PF00562', 'PF00253', 'PF03946', 'PF04998', 'PF07516', 'PF01193', 'PF00177', 'PF01668', 'TIGR00020', 'PF00830', 'PF02873', 'PF01330', 'PF02075', 'TIGR00615', 'PF00203', 'PF00238', 'PF00410', 'PF10385', 'PF00252', 'TIGR00329', 'PF00366', 'PF01765', 'PF00861', 'TIGR00422', 'TIGR00392', 'PF00829', 'PF06418', 'PF01795', 'PF00344', 'PF00411', 'PF00831', 'PF00889', 'PF00828', 'PF05491', 'TIGR00418', 'PF00380', 'PF01245', 'PF00471', 'PF05697', 'PF00312', 'TIGR01087', 'PF00318', 'PF01746', 'PF00163', 'PF04565', 'PF00687', 'PF04563', 'PF04983', 'TIGR02012', 'PF00623', 'PF00416', 'PF02096', 'PF00281', 'PF03484', 'PF04560', 'PF00572', 'PF12344', 'PF01195', 'PF01084', 'PF01043', 'PF01000', 'PF01016', 'PF00189', 'TIGR02350', 'PF01386', 'TIGR02397', 'PF03719', 'PF00164', 'PF00035', 'TIGR01059', 'TIGR00442', 'PF00466', 'PF01250', 'PF13184', 'PF08459', 'PF00542', 'PF06421', 'TIGR01079', 'PF00347', 'PF02367', 'PF00750', 'PF03485', 'PF01509', 'PF04561', 'TIGR00435'], 'GCN2': [], 'GCN3': [], 'GCN4': [], 'GCN5+': []}
GCA_001567305.1_ASM156730v1_genomic	{'marker lineage': 'k__Bacteria', '# genomes': 2993, '# markers': 143, '# marker sets': 89, '0': 41, '1': 101, '2': 1, '3': 0, '4': 0, '5+': 0, 'Completeness': 65.1955777203629, 'Contamination': 0.10214504596527069, 'GC': 0.38462629508770996, 'GC std': 0.009446413490217902, 'Genome size': 1050508, '# ambiguous bases': 0, '# scaffolds': 32, '# contigs': 32, 'Longest scaffold': 180084, 'Longest contig': 180084, 'N50 (scaffolds)': 71234, 'N50 (contigs)': 71234, 'Mean scaffold length': 32828.375, 'Mean contig length': 32828.375, 'Coding density': 0.9160844086860833, 'Translation table': 11, '# predicted genes': 1236, 'GCN0': ['PF13932', 'PF01196', 'PF06071', 'PF01193', 'PF12631', 'PF02410', 'TIGR01063', 'TIGR00422', 'TIGR03594', 'TIGR00392', 'PF00411', 'PF03726', 'TIGR00575', 'PF04760', 'PF10396', 'PF00380', 'PF00471', 'TIGR01087', 'PF00163', 'PF02978', 'PF01121', 'TIGR01133', 'PF00416', 'PF02699', 'TIGR00595', 'PF03948', 'PF00572', 'TIGR00593', 'PF01000', 'PF05000', 'PF02938', 'TIGR02432', 'TIGR01059', 'PF02033', 'PF02130', 'TIGR00445', 'PF01281', 'TIGR00344', 'PF00684', 'PF00181', 'TIGR00064'], 'GCN1': ['PF00627', 'PF00886', 'PF08529', 'PF00673', 'TIGR00922', 'PF04997', 'PF01018', 'PF11987', 'PF00453', 'PF02403', 'PF00333', 'PF00298', 'TIGR03723', 'PF01409', 'PF01649', 'PF00237', 'PF00562', 'PF00253', 'TIGR00460', 'PF03946', 'PF04998', 'PF07516', 'PF00177', 'PF01668', 'TIGR00020', 'PF00830', 'PF02873', 'PF01330', 'PF02075', 'TIGR00615', 'PF00203', 'PF00238', 'PF00410', 'PF10385', 'PF00252', 'TIGR00329', 'PF00366', 'PF01765', 'PF00861', 'PF00829', 'PF02768', 'PF06418', 'PF01795', 'PF00344', 'PF00831', 'PF00889', 'PF00828', 'PF05491', 'PF00338', 'TIGR00418', 'PF01245', 'PF05697', 'PF00276', 'PF00312', 'PF00318', 'PF01746', 'PF04565', 'PF00687', 'PF04563', 'PF04983', 'TIGR02012', 'PF00623', 'PF02096', 'PF00281', 'PF03484', 'PF04560', 'PF07497', 'PF12344', 'PF01195', 'PF01084', 'PF01043', 'PF01016', 'PF00189', 'TIGR02350', 'PF01386', 'PF13603', 'TIGR01951', 'TIGR02397', 'PF03719', 'PF00164', 'PF00035', 'TIGR00442', 'TIGR00019', 'PF00466', 'PF01250', 'TIGR00755', 'PF13184', 'PF08459', 'PF00542', 'PF06421', 'PF03947', 'TIGR01079', 'PF00347', 'PF02367', 'TIGR01085', 'PF00750', 'PF03485', 'PF01509', 'PF00297', 'PF04561', 'TIGR00435'], 'GCN2': ['PF00573'], 'GCN3': [], 'GCN4': [], 'GCN5+': []}
GCA_001567355.1_ASM156735v1_genomic	{'marker lineage': 'k__Bacteria', '# genomes': 2993, '# markers': 143, '# marker sets': 89, '0': 33, '1': 109, '2': 1, '3': 0, '4': 0, '5+': 0, 'Completeness': 67.80928919065073, 'Contamination': 1.1235955056179776, 'GC': 0.4956330950139305, 'GC std': 0.008867533225787514, 'Genome size': 1459386, '# ambiguous bases': 0, '# scaffolds': 7, '# contigs': 7, 'Longest scaffold': 744746, 'Longest contig': 744746, 'N50 (scaffolds)': 744746, 'N50 (contigs)': 744746, 'Mean scaffold length': 208483.7142857143, 'Mean contig length': 208483.7142857143, 'Coding density': 0.9207803829829805, 'Translation table': 11, '# predicted genes': 1522, 'GCN0': ['PF13932', 'PF06071', 'PF00253', 'PF12631', 'PF02410', 'TIGR01063', 'TIGR00422', 'TIGR03594', 'TIGR00392', 'PF03726', 'TIGR00575', 'PF04760', 'PF10396', 'TIGR01087', 'PF02978', 'PF01121', 'TIGR01133', 'PF02699', 'TIGR00595', 'PF03948', 'PF05000', 'PF02938', 'PF13603', 'TIGR02432', 'PF02033', 'PF02130', 'TIGR00445', 'PF01281', 'TIGR00755', 'TIGR01085', 'TIGR00344', 'PF00684', 'TIGR00064'], 'GCN1': ['PF00627', 'PF00886', 'PF08529', 'PF00673', 'TIGR00922', 'PF04997', 'PF01018', 'PF11987', 'PF00453', 'PF01196', 'PF02403', 'PF00333', 'PF00298', 'TIGR03723', 'PF01409', 'PF01649', 'PF00237', 'PF00562', 'TIGR00460', 'PF03946', 'PF04998', 'PF07516', 'PF01193', 'PF00177', 'PF01668', 'TIGR00020', 'PF00830', 'PF02873', 'PF01330', 'PF02075', 'TIGR00615', 'PF00203', 'PF00238', 'PF00410', 'PF10385', 'PF00252', 'TIGR00329', 'PF00366', 'PF01765', 'PF00861', 'PF00573', 'PF00829', 'PF02768', 'PF06418', 'PF01795', 'PF00344', 'PF00411', 'PF00831', 'PF00889', 'PF00828', 'PF05491', 'PF00338', 'PF00380', 'PF01245', 'PF00471', 'PF05697', 'PF00276', 'PF00312', 'PF00318', 'PF01746', 'PF00163', 'PF04565', 'PF00687', 'PF04563', 'PF04983', 'TIGR02012', 'PF00623', 'PF00416', 'PF02096', 'PF00281', 'PF03484', 'PF04560', 'PF07497', 'PF00572', 'PF12344', 'PF01195', 'TIGR00593', 'PF01084', 'PF01043', 'PF01000', 'PF01016', 'PF00189', 'TIGR02350', 'PF01386', 'TIGR01951', 'TIGR02397', 'PF03719', 'PF00164', 'PF00035', 'TIGR01059', 'TIGR00442', 'TIGR00019', 'PF00466', 'PF01250', 'PF13184', 'PF08459', 'PF00542', 'PF06421', 'PF03947', 'TIGR01079', 'PF00347', 'PF02367', 'PF00750', 'PF03485', 'PF01509', 'PF00297', 'PF04561', 'TIGR00435', 'PF00181'], 'GCN2': ['TIGR00418'], 'GCN3': [], 'GCN4': [], 'GCN5+': []}
GCA_001567365.1_ASM156736v1_genomic	{'marker lineage': 'k__Bacteria', '# genomes': 901, '# markers': 171, '# marker sets': 117, '0': 55, '1': 115, '2': 1, '3': 0, '4': 0, '5+': 0, 'Completeness': 60.406630406630406, 'Contamination': 0.8547008547008547, 'GC': 0.3787930861097819, 'GC std': 0.015797366556054293, 'Genome size': 904903, '# ambiguous bases': 0, '# scaffolds': 31, '# contigs': 31, 'Longest scaffold': 120853, 'Longest contig': 120853, 'N50 (scaffolds)': 43247, 'N50 (contigs)': 43247, 'Mean scaffold length': 29190.41935483871, 'Mean contig length': 29190.41935483871, 'Coding density': 0.8771868366001659, 'Translation table': 11, '# predicted genes': 997, 'GCN0': ['PF00627', 'TIGR01134', 'PF06574', 'TIGR03723', 'PF00988', 'PF01782', 'TIGR01162', 'PF02132', 'TIGR00878', 'PF02844', 'TIGR00436', 'PF01416', 'PF03119', 'PF03461', 'TIGR00020', 'TIGR02075', 'PF02410', 'TIGR01173', 'PF02224', 'PF03602', 'TIGR00634', 'PF08478', 'TIGR01980', 'TIGR03594', 'TIGR03631', 'PF00831', 'PF03726', 'PF00889', 'PF00958', 'PF01264', 'PF13507', 'PF00318', 'PF01808', 'PF00687', 'TIGR00670', 'PF01632', 'TIGR03725', 'PF02978', 'TIGR00539', 'PF10609', 'PF01121', 'PF01687', 'TIGR01455', 'PF02527', 'TIGR00611', 'PF13603', 'TIGR01978', 'TIGR00019', 'PF13167', 'TIGR00755', 'PF09190', 'PF02912', 'TIGR00344', 'TIGR01510', 'TIGR00064'], 'GCN1': ['PF00886', 'PF08529', 'PF00673', 'PF04997', 'PF01018', 'PF05698', 'PF11987', 'PF00453', 'PF01196', 'PF02403', 'PF00333', 'PF01715', 'PF02686', 'PF00298', 'PF06071', 'PF01649', 'TIGR00741', 'PF01351', 'PF00237', 'PF00562', 'PF02357', 'PF11967', 'PF08299', 'PF03946', 'PF09285', 'PF04998', 'TIGR00855', 'PF01193', 'PF03840', 'PF00177', 'PF01668', 'PF01807', 'TIGR01394', 'PF01330', 'PF02075', 'PF00203', 'PF00238', 'PF00410', 'PF10385', 'PF00252', 'TIGR00250', 'TIGR00329', 'PF00366', 'PF01765', 'PF00861', 'PF00573', 'TIGR00392', 'PF00829', 'PF08207', 'PF01795', 'PF00344', 'PF00411', 'PF01709', 'PF01132', 'PF01071', 'TIGR00234', 'PF00828', 'PF05491', 'PF00338', 'TIGR00963', 'PF00380', 'PF01245', 'PF05697', 'PF00276', 'PF00312', 'TIGR01087', 'PF04565', 'PF04563', 'TIGR02012', 'PF00623', 'PF02565', 'PF00281', 'PF00584', 'PF03484', 'PF03948', 'PF04560', 'TIGR00010', 'TIGR00096', 'TIGR00132', 'PF00572', 'PF12344', 'TIGR00593', 'PF01000', 'PF01016', 'PF12327', 'PF00189', 'TIGR01951', 'PF00162', 'PF03719', 'TIGR00419', 'PF02843', 'PF00164', 'TIGR01059', 'TIGR00442', 'PF02033', 'PF02130', 'PF00466', 'PF01250', 'PF01281', 'PF13184', 'PF08459', 'PF06421', 'PF03947', 'TIGR01079', 'TIGR00186', 'PF00347', 'PF02367', 'PF02934', 'PF00707', 'PF12627', 'PF00091', 'PF01509', 'PF00297', 'PF04561', 'PF00181'], 'GCN2': ['PF00625'], 'GCN3': [], 'GCN4': [], 'GCN5+': []}
GCA_001567425.1_ASM156742v1_genomic	{'marker lineage': 'k__Bacteria', '# genomes': 924, '# markers': 161, '# marker sets': 108, '0': 28, '1': 132, '2': 1, '3': 0, '4': 0, '5+': 0, 'Completeness': 78.67283950617283, 'Contamination': 0.9259259259259259, 'GC': 0.609536513986252, 'GC std': 0.0140069450691168, 'Genome size': 2571275, '# ambiguous bases': 0, '# scaffolds': 224, '# contigs': 224, 'Longest scaffold': 80880, 'Longest contig': 80880, 'N50 (scaffolds)': 17782, 'N50 (contigs)': 17782, 'Mean scaffold length': 11478.90625, 'Mean contig length': 11478.90625, 'Coding density': 0.901523563212803, 'Translation table': 11, '# predicted genes': 2679, 'GCN0': ['PF00627', 'PF01018', 'PF06574', 'PF06071', 'PF01782', 'TIGR01162', 'TIGR00855', 'PF00177', 'PF02410', 'PF02075', 'TIGR00250', 'PF03602', 'PF00829', 'PF00411', 'PF01709', 'TIGR00963', 'PF01632', 'PF01016', 'PF13603', 'TIGR00419', 'PF00164', 'TIGR01059', 'PF02033', 'PF13167', 'PF01250', 'TIGR00755', 'PF06421', 'TIGR00186'], 'GCN1': ['PF00886', 'PF08529', 'PF00673', 'TIGR01134', 'PF04997', 'PF05698', 'PF11987', 'PF00453', 'PF01196', 'PF02403', 'PF00333', 'PF01715', 'PF02686', 'PF00298', 'TIGR03723', 'PF01649', 'TIGR00741', 'PF00237', 'PF00562', 'PF02357', 'PF11967', 'PF08299', 'PF02132', 'TIGR00878', 'PF03946', 'PF09285', 'PF02844', 'PF04998', 'PF01193', 'PF03840', 'PF01416', 'PF03119', 'PF03461', 'PF01668', 'TIGR00020', 'TIGR01394', 'TIGR02075', 'PF01330', 'PF00203', 'PF00238', 'TIGR01173', 'PF00410', 'PF10385', 'PF00252', 'PF02224', 'TIGR00329', 'PF00366', 'PF01765', 'PF00861', 'TIGR00634', 'PF00573', 'TIGR01980', 'TIGR03594', 'TIGR00392', 'PF08207', 'TIGR03631', 'PF01795', 'PF00344', 'PF01132', 'PF00831', 'PF01071', 'PF03726', 'TIGR00234', 'PF00889', 'PF00828', 'PF05491', 'PF00338', 'PF00958', 'PF00380', 'PF01245', 'PF05697', 'PF01264', 'PF00276', 'PF00312', 'PF13507', 'PF00318', 'PF01808', 'PF04565', 'PF00687', 'TIGR00670', 'TIGR03725', 'PF02978', 'PF04563', 'TIGR00539', 'PF10609', 'PF01121', 'TIGR02012', 'PF00623', 'PF01687', 'PF02565', 'PF00281', 'PF00584', 'PF03484', 'PF03948', 'PF04560', 'PF02527', 'TIGR00010', 'TIGR00096', 'TIGR00132', 'PF00572', 'PF12344', 'TIGR00593', 'TIGR00611', 'PF01000', 'PF00189', 'TIGR01951', 'PF00162', 'PF03719', 'PF00625', 'PF02843', 'TIGR00442', 'TIGR01978', 'PF02130', 'TIGR00019', 'PF00466', 'PF01281', 'PF13184', 'PF08459', 'PF03947', 'TIGR01079', 'PF00347', 'PF02367', 'PF02912', 'PF02934', 'PF00707', 'TIGR00344', 'PF01509', 'PF00297', 'PF04561', 'PF00181', 'TIGR01510', 'TIGR00064'], 'GCN2': ['PF01351'], 'GCN3': [], 'GCN4': [], 'GCN5+': []}
GCA_001567515.1_ASM156751v1_genomic	{'marker lineage': 'k__Bacteria', '# genomes': 5449, '# markers': 104, '# marker sets': 58, '0': 27, '1': 77, '2': 0, '3': 0, '4': 0, '5+': 0, 'Completeness': 63.322884012539184, 'Contamination': 0.0, 'GC': 0.44466398621481906, 'GC std': 0.02101713361183305, 'Genome size': 957550, '# ambiguous bases': 0, '# scaffolds': 27, '# contigs': 27, 'Longest scaffold': 208458, 'Longest contig': 208458, 'N50 (scaffolds)': 112368, 'N50 (contigs)': 112368, 'Mean scaffold length': 35464.81481481482, 'Mean contig length': 35464.81481481482, 'Coding density': 0.8713111586862304, 'Translation table': 11, '# predicted genes': 1213, 'GCN0': ['PF00453', 'TIGR03263', 'PF01632', 'PF01409', 'PF01649', 'PF02978', 'PF01121', 'TIGR00460', 'PF03484', 'PF03948', 'TIGR02075', 'PF05000', 'TIGR00459', 'PF13603', 'TIGR00250', 'PF03719', 'TIGR02432', 'PF02033', 'TIGR03594', 'TIGR00019', 'TIGR00392', 'PF01281', 'TIGR00755', 'PF06421', 'PF00831', 'PF02912', 'TIGR00344'], 'GCN1': ['PF00276', 'PF00886', 'PF08529', 'PF00312', 'PF00673', 'TIGR00922', 'PF04997', 'PF01018', 'PF11987', 'PF01196', 'PF00318', 'PF00333', 'PF01746', 'PF04565', 'PF00687', 'TIGR03723', 'PF00298', 'PF06071', 'PF04563', 'PF04983', 'PF00237', 'PF00562', 'TIGR00084', 'PF00623', 'PF03946', 'PF00416', 'PF04998', 'PF00281', 'TIGR00855', 'PF01193', 'TIGR00810', 'PF04560', 'PF00177', 'PF01668', 'PF00572', 'PF12344', 'PF01195', 'TIGR00615', 'PF01000', 'PF00203', 'PF01016', 'PF00238', 'PF00410', 'PF10385', 'PF00252', 'PF00189', 'PF00162', 'TIGR00329', 'PF00366', 'PF00164', 'PF01765', 'PF00861', 'PF00573', 'PF02130', 'PF00466', 'PF00829', 'PF01250', 'PF13184', 'PF01795', 'PF08459', 'PF00411', 'PF03947', 'TIGR01079', 'PF00889', 'PF00347', 'PF00828', 'PF02367', 'PF05491', 'PF00338', 'PF00380', 'TIGR00967', 'PF01245', 'PF01509', 'PF00297', 'PF04561', 'PF00181', 'PF05697'], 'GCN2': [], 'GCN3': [], 'GCN4': [], 'GCN5+': []}
GCA_001567115.1_ASM156711v1_genomic	{'marker lineage': 'k__Bacteria', '# genomes': 2993, '# markers': 143, '# marker sets': 89, '0': 4, '1': 136, '2': 3, '3': 0, '4': 0, '5+': 0, 'Completeness': 96.81647940074906, 'Contamination': 2.808988764044944, 'GC': 0.5458508011100093, 'GC std': 0.01947519727110852, 'Genome size': 4052939, '# ambiguous bases': 0, '# scaffolds': 181, '# contigs': 181, 'Longest scaffold': 112968, 'Longest contig': 112968, 'N50 (scaffolds)': 36136, 'N50 (contigs)': 36136, 'Mean scaffold length': 22391.92817679558, 'Mean contig length': 22391.92817679558, 'Coding density': 0.9129461361249207, 'Translation table': 11, '# predicted genes': 3589, 'GCN0': ['PF00627', 'PF01016', 'TIGR01951', 'PF02367'], 'GCN1': ['PF00886', 'PF08529', 'PF00673', 'PF13932', 'TIGR00922', 'PF04997', 'PF01018', 'PF11987', 'PF00453', 'PF01196', 'PF02403', 'PF00333', 'PF00298', 'TIGR03723', 'PF06071', 'PF01409', 'PF01649', 'PF00237', 'PF00562', 'PF00253', 'TIGR00460', 'PF03946', 'PF04998', 'PF07516', 'PF01193', 'PF00177', 'PF01668', 'PF12631', 'TIGR00020', 'PF00830', 'PF02410', 'PF02873', 'PF01330', 'PF02075', 'TIGR00615', 'PF00203', 'PF00238', 'PF00410', 'PF10385', 'PF00252', 'TIGR01063', 'TIGR00329', 'PF00366', 'PF01765', 'PF00861', 'TIGR00422', 'PF00573', 'TIGR03594', 'TIGR00392', 'PF00829', 'PF02768', 'PF06418', 'PF01795', 'PF00344', 'PF00411', 'PF00831', 'PF03726', 'TIGR00575', 'PF00889', 'PF04760', 'PF00828', 'PF05491', 'PF00338', 'TIGR00418', 'PF10396', 'PF00380', 'PF01245', 'PF05697', 'PF00276', 'PF00312', 'TIGR01087', 'PF00318', 'PF01746', 'PF00163', 'PF04565', 'PF00687', 'PF02978', 'PF04563', 'PF04983', 'PF01121', 'TIGR02012', 'TIGR01133', 'PF00623', 'PF00416', 'PF02096', 'PF00281', 'PF02699', 'TIGR00595', 'PF03484', 'PF03948', 'PF04560', 'PF07497', 'PF00572', 'PF12344', 'PF01195', 'TIGR00593', 'PF01084', 'PF01000', 'PF05000', 'PF00189', 'PF02938', 'PF01386', 'PF13603', 'TIGR02397', 'PF03719', 'PF00164', 'PF00035', 'TIGR02432', 'TIGR01059', 'PF02033', 'TIGR00442', 'PF02130', 'TIGR00019', 'PF00466', 'PF01250', 'TIGR00445', 'PF01281', 'TIGR00755', 'PF13184', 'PF08459', 'PF00542', 'PF06421', 'PF03947', 'TIGR01079', 'PF00347', 'TIGR01085', 'PF00750', 'PF03485', 'TIGR00344', 'PF01509', 'PF00297', 'PF04561', 'TIGR00435', 'PF00684', 'PF00181', 'TIGR00064'], 'GCN2': ['PF00471', 'PF01043', 'TIGR02350'], 'GCN3': [], 'GCN4': [], 'GCN5+': []}
GCA_001567275.1_ASM156727v1_genomic	{'marker lineage': 'p__Bacteroidetes', '# genomes': 350, '# markers': 316, '# marker sets': 210, '0': 10, '1': 303, '2': 3, '3': 0, '4': 0, '5+': 0, 'Completeness': 95.23809523809524, 'Contamination': 0.9523809523809523, 'GC': 0.3894234241653296, 'GC std': 0.026182815748123367, 'Genome size': 2962906, '# ambiguous bases': 0, '# scaffolds': 51, '# contigs': 51, 'Longest scaffold': 395094, 'Longest contig': 395094, 'N50 (scaffolds)': 134104, 'N50 (contigs)': 134104, 'Mean scaffold length': 58096.19607843137, 'Mean contig length': 58096.19607843137, 'Coding density': 0.9188026889816957, 'Translation table': 11, '# predicted genes': 2580, 'GCN0': ['PF06071', 'TIGR00389', 'PF01668', 'PF02590', 'PF06144', 'TIGR00928', 'TIGR00326', 'PF06689', 'PF04977', 'PF02130'], 'GCN1': ['PF00627', 'PF00886', 'PF08529', 'TIGR00888', 'PF00673', 'PF13932', 'TIGR01296', 'TIGR00922', 'PF04997', 'PF01018', 'PF11987', 'PF00453', 'PF06574', 'TIGR01364', 'PF01196', 'PF02403', 'PF00333', 'PF01411', 'PF02631', 'PF00298', 'TIGR03723', 'PF01409', 'PF01649', 'PF09180', 'PF01702', 'PF01351', 'PF00237', 'PF00562', 'TIGR03346', 'PF00988', 'PF11967', 'PF00253', 'TIGR00460', 'PF03652', 'PF02132', 'TIGR03302', 'PF01029', 'TIGR00737', 'PF03946', 'TIGR00644', 'PF12002', 'PF02844', 'TIGR00436', 'TIGR00048', 'PF04998', 'PF07516', 'PF12072', 'PF01434', 'PF01193', 'TIGR00233', 'PF03840', 'PF00121', 'TIGR00336', 'PF13368', 'PF02657', 'PF00177', 'PF01406', 'PF03461', 'PF12631', 'TIGR00020', 'TIGR01394', 'TIGR02075', 'PF00830', 'TIGR00121', 'TIGR02651', 'PF08676', 'TIGR00536', 'PF02673', 'PF03147', 'PF02873', 'PF00834', 'PF01330', 'TIGR01830', 'PF00203', 'PF11387', 'TIGR00457', 'PF00238', 'PF01743', 'PF00410', 'TIGR00360', 'PF10385', 'PF03950', 'PF00252', 'PF02224', 'PF02772', 'PF00709', 'TIGR00329', 'PF00366', 'PF01820', 'PF01653', 'PF03120', 'PF00308', 'TIGR01051', 'PF14123', 'PF02021', 'PF01765', 'PF00861', 'PF03725', 'TIGR00422', 'TIGR00634', 'PF00573', 'PF00154', 'TIGR01980', 'TIGR03594', 'PF01176', 'PF11307', 'TIGR00392', 'PF08340', 'PF00829', 'PF02620', 'PF02606', 'PF01138', 'PF02580', 'PF07499', 'PF06418', 'PF00406', 'PF13393', 'PF01795', 'PF00344', 'PF10150', 'PF14450', 'PF00411', 'PF01513', 'PF02773', 'PF00825', 'TIGR01357', 'PF00831', 'TIGR00067', 'PF01071', 'PF03726', 'PF03143', 'PF08501', 'PF02355', 'PF00889', 'PF04760', 'PF00828', 'PF05491', 'PF00338', 'TIGR00418', 'PF10396', 'PF05362', 'PF07517', 'PF00380', 'TIGR03303', 'PF01245', 'PF01784', 'PF00885', 'PF00677', 'PF00471', 'TIGR00054', 'PF05697', 'PF01264', 'PF00276', 'PF00312', 'TIGR01087', 'PF04552', 'PF02684', 'PF03989', 'PF13507', 'PF00318', 'PF01746', 'PF00163', 'TIGR01082', 'PF01367', 'PF13100', 'PF04565', 'TIGR00643', 'PF00687', 'PF07478', 'PF01632', 'TIGR00095', 'TIGR03725', 'PF02978', 'PF04563', 'PF00773', 'PF04983', 'PF02576', 'TIGR00539', 'PF10609', 'PF01121', 'TIGR00416', 'TIGR00444', 'TIGR01133', 'TIGR00228', 'PF00623', 'PF01255', 'PF01687', 'PF00416', 'PF02096', 'TIGR01934', 'TIGR01574', 'PF00281', 'PF02699', 'TIGR00595', 'PF03484', 'PF03948', 'PF01119', 'PF14121', 'PF01725', 'TIGR00482', 'TIGR00499', 'PF04560', 'PF07497', 'PF02527', 'PF14126', 'TIGR00128', 'TIGR00479', 'PF04468', 'PF10458', 'TIGR01750', 'TIGR01499', 'PF00572', 'PF12344', 'PF01195', 'PF02591', 'TIGR00611', 'PF01084', 'PF02618', 'PF01043', 'PF06723', 'PF04085', 'PF01000', 'PF02390', 'PF01016', 'PF05000', 'TIGR00717', 'PF00189', 'TIGR02350', 'PF02938', 'PF01386', 'PF13603', 'PF00162', 'TIGR02397', 'PF14093', 'PF03719', 'TIGR01072', 'TIGR03598', 'PF00625', 'PF02843', 'PF00731', 'PF00164', 'PF00035', 'PF03331', 'TIGR02432', 'PF01197', 'TIGR01059', 'PF02033', 'PF01205', 'TIGR03423', 'TIGR02945', 'TIGR01978', 'PF02152', 'TIGR00019', 'PF00466', 'PF07549', 'PF13167', 'PF01580', 'PF01250', 'PF02739', 'PF02559', 'TIGR01125', 'TIGR00445', 'PF02545', 'PF05746', 'PF01281', 'TIGR00755', 'TIGR00036', 'PF13184', 'PF08459', 'PF09190', 'PF00542', 'PF06421', 'PF04963', 'TIGR03990', 'PF03947', 'TIGR01079', 'TIGR01496', 'PF00347', 'PF02367', 'TIGR01085', 'PF02912', 'PF01220', 'PF00750', 'PF00707', 'PF12627', 'TIGR00464', 'PF03485', 'PF05190', 'PF01134', 'PF01509', 'PF01025', 'PF04166', 'PF00297', 'PF04561', 'PF03755', 'PF12864', 'PF00684', 'PF13491', 'PF00181', 'TIGR01510', 'PF05188', 'PF00118', 'TIGR00064'], 'GCN2': ['TIGR01579', 'PF02882', 'PF00763'], 'GCN3': [], 'GCN4': [], 'GCN5+': []}
GCA_001567175.1_ASM156717v1_genomic	{'marker lineage': 'k__Bacteria', '# genomes': 433, '# markers': 273, '# marker sets': 183, '0': 15, '1': 257, '2': 1, '3': 0, '4': 0, '5+': 0, 'Completeness': 92.75956284153006, 'Contamination': 0.546448087431694, 'GC': 0.4973897041664722, 'GC std': 0.027378983850860038, 'Genome size': 2549711, '# ambiguous bases': 0, '# scaffolds': 54, '# contigs': 54, 'Longest scaffold': 276065, 'Longest contig': 276065, 'N50 (scaffolds)': 114977, 'N50 (contigs)': 114977, 'Mean scaffold length': 47216.87037037037, 'Mean contig length': 47216.87037037037, 'Coding density': 0.9251726960428064, 'Translation table': 11, '# predicted genes': 2211, 'GCN0': ['PF00886', 'PF02403', 'TIGR03723', 'TIGR01357', 'PF00471', 'PF01264', 'TIGR01087', 'PF02978', 'TIGR01133', 'PF14126', 'PF04468', 'PF01084', 'TIGR00755', 'PF09190', 'PF01220'], 'GCN1': ['PF00627', 'PF08529', 'PF00673', 'PF13932', 'TIGR01296', 'TIGR00922', 'PF04997', 'PF01018', 'PF11987', 'PF00453', 'PF06574', 'PF01196', 'PF00333', 'PF01411', 'PF02631', 'PF00298', 'PF01409', 'PF06071', 'PF01649', 'PF09180', 'PF01702', 'PF00237', 'PF00562', 'PF00988', 'TIGR00389', 'PF11967', 'PF00253', 'TIGR00460', 'PF03652', 'PF02132', 'TIGR00737', 'PF03946', 'PF12002', 'TIGR00644', 'PF02844', 'TIGR00436', 'TIGR00048', 'PF04998', 'PF07516', 'TIGR00855', 'PF12072', 'PF01193', 'TIGR00233', 'PF03840', 'PF00121', 'TIGR00336', 'PF00177', 'PF01406', 'PF03461', 'PF01668', 'PF12631', 'TIGR00020', 'TIGR01394', 'TIGR02075', 'PF00830', 'TIGR00121', 'PF08676', 'TIGR00536', 'PF02673', 'PF03147', 'PF02873', 'PF00834', 'PF01330', 'PF02075', 'PF00203', 'PF11387', 'PF00238', 'PF01743', 'PF00410', 'PF10385', 'TIGR00966', 'PF00252', 'PF02224', 'TIGR00329', 'PF00366', 'PF01820', 'PF01653', 'PF03120', 'TIGR01129', 'PF00308', 'TIGR01051', 'PF02021', 'PF01765', 'PF00861', 'PF03725', 'TIGR00422', 'TIGR00634', 'PF00573', 'PF00154', 'TIGR03594', 'PF01176', 'PF11307', 'TIGR00392', 'PF08340', 'PF00829', 'PF02620', 'PF03772', 'PF06144', 'PF01138', 'PF07499', 'PF06418', 'PF13393', 'PF01795', 'PF00344', 'PF10150', 'PF14450', 'PF00411', 'PF01513', 'PF00825', 'PF00831', 'PF01071', 'PF03726', 'PF00889', 'PF04760', 'PF00828', 'TIGR00928', 'PF05491', 'PF00338', 'TIGR00418', 'PF10396', 'PF07517', 'PF00380', 'TIGR03303', 'PF01245', 'PF00885', 'PF00677', 'TIGR00054', 'PF05697', 'PF00276', 'PF00312', 'PF04552', 'PF03989', 'PF13507', 'PF00318', 'PF01746', 'PF00163', 'PF01367', 'PF13100', 'TIGR00326', 'PF04565', 'TIGR00643', 'PF00687', 'PF01632', 'TIGR03725', 'PF04563', 'PF00773', 'PF04983', 'PF02576', 'TIGR00539', 'PF10609', 'PF01121', 'TIGR00416', 'TIGR00444', 'PF00623', 'PF01255', 'PF06689', 'PF01687', 'PF00416', 'PF02096', 'TIGR01934', 'PF02565', 'TIGR01574', 'PF00281', 'PF02699', 'TIGR00595', 'PF03484', 'PF03948', 'PF01119', 'PF01725', 'TIGR00499', 'TIGR00482', 'PF04560', 'PF07497', 'PF02527', 'TIGR00479', 'PF10458', 'TIGR01750', 'TIGR01499', 'PF00572', 'PF12344', 'PF01195', 'PF02591', 'TIGR00611', 'PF01043', 'PF04085', 'PF01000', 'PF01016', 'PF05000', 'PF02882', 'PF00189', 'TIGR02350', 'PF02938', 'PF01386', 'PF13603', 'TIGR01951', 'PF00162', 'TIGR02397', 'PF03719', 'TIGR03598', 'TIGR01072', 'PF00625', 'PF02843', 'PF00731', 'PF00164', 'PF00035', 'PF03331', 'TIGR02432', 'PF01197', 'TIGR01059', 'PF02033', 'TIGR00485', 'TIGR03423', 'PF00763', 'PF02152', 'PF02130', 'TIGR00019', 'PF00466', 'PF13167', 'PF01580', 'PF01250', 'PF02739', 'PF02559', 'TIGR00445', 'PF02545', 'PF05746', 'PF01281', 'PF13184', 'PF08459', 'PF06421', 'PF04963', 'PF05198', 'TIGR03990', 'PF03947', 'TIGR01079', 'TIGR01496', 'PF00347', 'PF02367', 'TIGR01085', 'PF02912', 'PF00750', 'PF00707', 'PF12627', 'TIGR00464', 'PF05190', 'PF01134', 'PF01509', 'PF01025', 'PF00297', 'PF04561', 'PF03755', 'PF00684', 'PF13491', 'PF00181', 'TIGR01510', 'PF05188', 'PF00118', 'TIGR00064'], 'GCN2': ['TIGR00717'], 'GCN3': [], 'GCN4': [], 'GCN5+': []}
GCA_001567165.1_ASM156716v1_genomic	{'marker lineage': 'p__Bacteroidetes', '# genomes': 364, '# markers': 303, '# marker sets': 203, '0': 23, '1': 279, '2': 1, '3': 0, '4': 0, '5+': 0, 'Completeness': 93.94088669950739, 'Contamination': 0.24630541871921183, 'GC': 0.33112253198525177, 'GC std': 0.017667205258795282, 'Genome size': 2188196, '# ambiguous bases': 0, '# scaffolds': 72, '# contigs': 72, 'Longest scaffold': 159134, 'Longest contig': 159134, 'N50 (scaffolds)': 51439, 'N50 (contigs)': 51439, 'Mean scaffold length': 30391.61111111111, 'Mean contig length': 30391.61111111111, 'Coding density': 0.8770841368871892, 'Translation table': 11, '# predicted genes': 2152, 'GCN0': ['PF00673', 'PF00333', 'PF01649', 'PF11967', 'PF00253', 'TIGR02075', 'PF00830', 'PF00410', 'PF03950', 'PF02224', 'PF00861', 'PF00828', 'PF05697', 'PF00281', 'PF03948', 'PF07497', 'PF01084', 'PF02938', 'PF14093', 'PF03719', 'TIGR02945', 'PF00347', 'TIGR00064'], 'GCN1': ['PF00627', 'PF00886', 'PF08529', 'TIGR00888', 'PF13932', 'TIGR01296', 'TIGR00922', 'PF04997', 'PF01018', 'PF11987', 'PF00453', 'PF06574', 'TIGR01364', 'PF01196', 'PF02403', 'PF01411', 'PF02631', 'PF00298', 'TIGR03723', 'PF01409', 'PF06071', 'PF09180', 'PF01702', 'PF01351', 'PF00237', 'PF00562', 'TIGR03346', 'TIGR00389', 'TIGR00460', 'PF03652', 'PF02132', 'TIGR03302', 'PF01029', 'PF03946', 'PF12002', 'TIGR00644', 'PF02844', 'TIGR00436', 'TIGR00048', 'PF04998', 'PF07516', 'TIGR00855', 'PF12072', 'PF01193', 'TIGR00233', 'PF03840', 'PF00121', 'TIGR00336', 'PF13368', 'PF00177', 'PF01406', 'PF03461', 'PF01668', 'PF12631', 'TIGR00020', 'TIGR01394', 'TIGR00121', 'TIGR02651', 'PF08676', 'TIGR00536', 'PF02673', 'PF03147', 'PF02873', 'PF00834', 'PF01330', 'TIGR01830', 'PF00203', 'PF11387', 'TIGR00457', 'PF00238', 'PF01743', 'TIGR00360', 'PF10385', 'PF00252', 'TIGR00329', 'PF00366', 'PF01820', 'PF01653', 'PF03120', 'PF00308', 'TIGR01051', 'PF14123', 'PF02021', 'PF01765', 'PF03725', 'TIGR00422', 'TIGR00634', 'PF00573', 'PF00154', 'TIGR03594', 'PF01176', 'PF11307', 'TIGR00392', 'PF08340', 'PF00829', 'PF02620', 'PF02590', 'PF06144', 'PF02606', 'PF01138', 'PF02580', 'PF07499', 'PF06418', 'PF13393', 'PF01795', 'PF00344', 'PF10150', 'PF14450', 'PF00411', 'PF01513', 'PF00825', 'TIGR01357', 'PF00831', 'TIGR00067', 'PF01071', 'PF03726', 'PF03143', 'PF08501', 'PF02355', 'PF00889', 'PF04760', 'TIGR00928', 'PF05491', 'PF00338', 'TIGR00418', 'PF10396', 'PF05362', 'PF07517', 'PF00380', 'TIGR03303', 'PF01245', 'PF01784', 'PF00885', 'PF00677', 'PF00471', 'TIGR00054', 'PF01264', 'PF00276', 'PF00312', 'TIGR01241', 'TIGR01087', 'PF04552', 'PF02684', 'PF03989', 'PF13507', 'TIGR01579', 'PF00318', 'PF01746', 'PF00163', 'PF01367', 'PF13100', 'TIGR00326', 'PF04565', 'TIGR00643', 'PF00687', 'TIGR00095', 'TIGR03725', 'PF02978', 'PF04563', 'PF00773', 'PF04983', 'PF02576', 'TIGR00539', 'PF10609', 'PF01121', 'TIGR00416', 'TIGR00444', 'TIGR01133', 'TIGR00228', 'PF00623', 'PF01255', 'PF06689', 'PF01687', 'PF00416', 'PF02096', 'TIGR01934', 'TIGR01574', 'PF02699', 'TIGR00595', 'PF03484', 'PF01119', 'PF14121', 'PF01725', 'TIGR00499', 'TIGR00482', 'PF04560', 'PF02527', 'PF14126', 'TIGR00479', 'PF04468', 'PF10458', 'TIGR01750', 'TIGR01499', 'PF00572', 'PF12344', 'PF01195', 'PF02591', 'TIGR00611', 'PF02618', 'PF01043', 'PF06723', 'PF04085', 'PF01000', 'PF02390', 'PF01016', 'PF04977', 'PF05000', 'PF02882', 'TIGR00717', 'PF00189', 'TIGR02350', 'PF01386', 'PF13603', 'PF00162', 'TIGR02397', 'TIGR03598', 'TIGR01072', 'PF00625', 'PF02843', 'PF00731', 'PF00164', 'PF00035', 'PF03331', 'TIGR02432', 'PF01197', 'TIGR01059', 'PF02033', 'PF01205', 'TIGR03423', 'PF00763', 'PF02152', 'PF02130', 'TIGR00019', 'PF00466', 'PF07549', 'PF13167', 'PF01580', 'PF01250', 'PF02739', 'PF02559', 'TIGR01125', 'TIGR00445', 'PF02545', 'PF05746', 'PF01281', 'TIGR00755', 'TIGR00036', 'PF13184', 'PF08459', 'PF09190', 'PF06421', 'PF04963', 'TIGR03990', 'PF03947', 'TIGR01079', 'TIGR01496', 'PF02367', 'TIGR01085', 'PF02912', 'PF01220', 'PF00750', 'PF00707', 'PF12627', 'TIGR00464', 'PF03485', 'PF05190', 'PF01134', 'PF01509', 'PF01025', 'PF00297', 'PF04561', 'PF03755', 'PF12864', 'PF00684', 'PF13491', 'PF00181', 'TIGR01510', 'PF05188', 'PF00118'], 'GCN2': ['TIGR01082'], 'GCN3': [], 'GCN4': [], 'GCN5+': []}
GCA_001567325.1_ASM156732v1_genomic	{'marker lineage': 'k__Bacteria', '# genomes': 433, '# markers': 273, '# marker sets': 183, '0': 14, '1': 259, '2': 0, '3': 0, '4': 0, '5+': 0, 'Completeness': 92.89617486338798, 'Contamination': 0.0, 'GC': 0.3761079874669258, 'GC std': 0.04018363071273182, 'Genome size': 2470583, '# ambiguous bases': 0, '# scaffolds': 24, '# contigs': 24, 'Longest scaffold': 549950, 'Longest contig': 549950, 'N50 (scaffolds)': 216601, 'N50 (contigs)': 216601, 'Mean scaffold length': 102940.95833333333, 'Mean contig length': 102940.95833333333, 'Coding density': 0.9216658578157463, 'Translation table': 11, '# predicted genes': 2268, 'GCN0': ['TIGR01296', 'PF02132', 'TIGR01394', 'TIGR01357', 'PF01264', 'PF14126', 'PF04468', 'TIGR02432', 'TIGR03423', 'PF13167', 'PF09190', 'PF05198', 'TIGR01496', 'PF01220'], 'GCN1': ['PF00627', 'PF00886', 'PF08529', 'PF00673', 'PF13932', 'TIGR00922', 'PF04997', 'PF01018', 'PF11987', 'PF00453', 'PF06574', 'PF01196', 'PF02403', 'PF00333', 'PF01411', 'PF02631', 'PF00298', 'TIGR03723', 'PF01409', 'PF06071', 'PF01649', 'PF09180', 'PF01702', 'PF00237', 'PF00562', 'PF00988', 'TIGR00389', 'PF11967', 'PF00253', 'TIGR00460', 'PF03652', 'TIGR00737', 'PF03946', 'PF12002', 'TIGR00644', 'PF02844', 'TIGR00436', 'TIGR00048', 'PF04998', 'PF07516', 'TIGR00855', 'PF12072', 'PF01193', 'TIGR00233', 'PF03840', 'PF00121', 'TIGR00336', 'PF00177', 'PF01406', 'PF03461', 'PF01668', 'PF12631', 'TIGR00020', 'TIGR02075', 'PF00830', 'TIGR00121', 'PF08676', 'TIGR00536', 'PF02673', 'PF03147', 'PF02873', 'PF00834', 'PF01330', 'PF02075', 'PF00203', 'PF11387', 'PF00238', 'PF01743', 'PF00410', 'PF10385', 'TIGR00966', 'PF00252', 'PF02224', 'TIGR00329', 'PF00366', 'PF01820', 'PF01653', 'PF03120', 'TIGR01129', 'PF00308', 'TIGR01051', 'PF02021', 'PF01765', 'PF00861', 'PF03725', 'TIGR00422', 'TIGR00634', 'PF00573', 'PF00154', 'TIGR03594', 'PF01176', 'PF11307', 'TIGR00392', 'PF08340', 'PF00829', 'PF02620', 'PF03772', 'PF06144', 'PF01138', 'PF07499', 'PF06418', 'PF13393', 'PF01795', 'PF00344', 'PF10150', 'PF14450', 'PF00411', 'PF01513', 'PF00825', 'PF00831', 'PF01071', 'PF03726', 'PF00889', 'PF04760', 'PF00828', 'TIGR00928', 'PF05491', 'PF00338', 'TIGR00418', 'PF10396', 'PF07517', 'PF00380', 'TIGR03303', 'PF01245', 'PF00885', 'PF00677', 'PF00471', 'TIGR00054', 'PF05697', 'PF00276', 'PF00312', 'TIGR01087', 'PF04552', 'PF03989', 'PF13507', 'PF00318', 'PF01746', 'PF00163', 'PF01367', 'PF13100', 'TIGR00326', 'PF04565', 'TIGR00643', 'PF00687', 'PF01632', 'TIGR03725', 'PF02978', 'PF04563', 'PF00773', 'PF04983', 'PF02576', 'TIGR00539', 'PF10609', 'PF01121', 'TIGR00416', 'TIGR00444', 'TIGR01133', 'PF00623', 'PF01255', 'PF06689', 'PF01687', 'PF00416', 'PF02096', 'TIGR01934', 'PF02565', 'TIGR01574', 'PF00281', 'PF02699', 'TIGR00595', 'PF03484', 'PF03948', 'PF01119', 'PF01725', 'TIGR00499', 'TIGR00482', 'PF04560', 'PF07497', 'PF02527', 'TIGR00479', 'PF10458', 'TIGR01750', 'TIGR01499', 'PF00572', 'PF12344', 'PF01195', 'PF02591', 'TIGR00611', 'PF01084', 'PF01043', 'PF04085', 'PF01000', 'PF01016', 'PF05000', 'PF02882', 'TIGR00717', 'PF00189', 'TIGR02350', 'PF02938', 'PF01386', 'PF13603', 'TIGR01951', 'PF00162', 'TIGR02397', 'PF03719', 'TIGR03598', 'TIGR01072', 'PF00625', 'PF02843', 'PF00731', 'PF00164', 'PF00035', 'PF03331', 'PF01197', 'TIGR01059', 'PF02033', 'TIGR00485', 'PF00763', 'PF02152', 'PF02130', 'TIGR00019', 'PF00466', 'PF01580', 'PF01250', 'PF02739', 'PF02559', 'TIGR00445', 'PF02545', 'PF05746', 'PF01281', 'TIGR00755', 'PF13184', 'PF08459', 'PF06421', 'PF04963', 'TIGR03990', 'PF03947', 'TIGR01079', 'PF00347', 'PF02367', 'TIGR01085', 'PF02912', 'PF00750', 'PF00707', 'PF12627', 'TIGR00464', 'PF05190', 'PF01134', 'PF01509', 'PF01025', 'PF00297', 'PF04561', 'PF03755', 'PF00684', 'PF13491', 'PF00181', 'TIGR01510', 'PF05188', 'PF00118', 'TIGR00064'], 'GCN2': [], 'GCN3': [], 'GCN4': [], 'GCN5+': []}
GCA_001567195.1_ASM156719v1_genomic	{'marker lineage': 'k__Bacteria', '# genomes': 433, '# markers': 273, '# marker sets': 183, '0': 11, '1': 254, '2': 8, '3': 0, '4': 0, '5+': 0, 'Completeness': 94.26229508196721, 'Contamination': 3.0733565159794667, 'GC': 0.5736973997808245, 'GC std': 0.023497710902853564, 'Genome size': 3914670, '# ambiguous bases': 0, '# scaffolds': 271, '# contigs': 271, 'Longest scaffold': 73624, 'Longest contig': 73624, 'N50 (scaffolds)': 24159, 'N50 (contigs)': 24159, 'Mean scaffold length': 14445.276752767528, 'Mean contig length': 14445.276752767528, 'Coding density': 0.8818286087971655, 'Translation table': 11, '# predicted genes': 3554, 'GCN0': ['PF12002', 'TIGR00048', 'TIGR00634', 'PF07499', 'TIGR01357', 'PF00471', 'TIGR00643', 'TIGR01133', 'PF14126', 'TIGR01059', 'TIGR03990'], 'GCN1': ['PF00627', 'PF00886', 'PF08529', 'PF00673', 'PF13932', 'TIGR01296', 'TIGR00922', 'PF04997', 'PF01018', 'PF11987', 'PF00453', 'PF06574', 'PF01196', 'PF02403', 'PF00333', 'PF01411', 'PF02631', 'PF00298', 'TIGR03723', 'PF01409', 'PF06071', 'PF01649', 'PF09180', 'PF01702', 'PF00237', 'PF00988', 'TIGR00389', 'PF11967', 'PF00253', 'TIGR00460', 'PF03652', 'PF02132', 'TIGR00737', 'PF03946', 'TIGR00644', 'PF02844', 'TIGR00436', 'PF04998', 'PF07516', 'TIGR00855', 'PF12072', 'PF01193', 'TIGR00233', 'PF03840', 'PF00121', 'TIGR00336', 'PF00177', 'PF01406', 'PF03461', 'PF01668', 'PF12631', 'TIGR00020', 'TIGR01394', 'TIGR02075', 'PF00830', 'TIGR00121', 'PF08676', 'TIGR00536', 'PF02673', 'PF03147', 'PF02873', 'PF00834', 'PF01330', 'PF02075', 'PF00203', 'PF11387', 'PF00238', 'PF01743', 'PF00410', 'PF10385', 'TIGR00966', 'PF00252', 'PF02224', 'TIGR00329', 'PF00366', 'PF01820', 'PF01653', 'PF03120', 'TIGR01129', 'PF00308', 'PF01765', 'PF00861', 'PF03725', 'TIGR00422', 'PF00573', 'PF00154', 'TIGR03594', 'PF01176', 'PF11307', 'TIGR00392', 'PF08340', 'PF00829', 'PF02620', 'PF03772', 'PF06144', 'PF01138', 'PF06418', 'PF13393', 'PF01795', 'PF00344', 'PF10150', 'PF14450', 'PF00411', 'PF01513', 'PF00825', 'PF00831', 'PF01071', 'PF03726', 'PF00889', 'PF04760', 'PF00828', 'TIGR00928', 'PF05491', 'PF00338', 'TIGR00418', 'PF10396', 'PF07517', 'PF00380', 'TIGR03303', 'PF01245', 'PF00885', 'PF00677', 'TIGR00054', 'PF05697', 'PF01264', 'PF00276', 'PF00312', 'TIGR01087', 'PF04552', 'PF03989', 'PF13507', 'PF00318', 'PF01746', 'PF01367', 'PF13100', 'TIGR00326', 'PF04565', 'PF00687', 'PF01632', 'TIGR03725', 'PF02978', 'PF04563', 'PF00773', 'PF04983', 'PF02576', 'TIGR00539', 'PF10609', 'PF01121', 'TIGR00416', 'TIGR00444', 'PF00623', 'PF01255', 'PF06689', 'PF01687', 'PF00416', 'PF02096', 'TIGR01934', 'PF02565', 'TIGR01574', 'PF00281', 'PF02699', 'TIGR00595', 'PF03484', 'PF03948', 'PF01119', 'PF01725', 'TIGR00499', 'TIGR00482', 'PF04560', 'PF07497', 'PF02527', 'TIGR00479', 'PF04468', 'PF10458', 'TIGR01750', 'TIGR01499', 'PF00572', 'PF12344', 'PF01195', 'PF02591', 'TIGR00611', 'PF01084', 'PF01043', 'PF04085', 'PF01000', 'PF01016', 'PF05000', 'PF00189', 'TIGR02350', 'PF02938', 'PF01386', 'PF13603', 'TIGR01951', 'PF00162', 'TIGR02397', 'PF03719', 'TIGR03598', 'TIGR01072', 'PF00625', 'PF02843', 'PF00164', 'PF00035', 'PF03331', 'TIGR02432', 'PF01197', 'PF02033', 'TIGR00485', 'TIGR03423', 'PF00763', 'PF02152', 'PF02130', 'TIGR00019', 'PF00466', 'PF13167', 'PF01580', 'PF01250', 'PF02739', 'PF02559', 'TIGR00445', 'PF02545', 'PF05746', 'PF01281', 'TIGR00755', 'PF13184', 'PF08459', 'PF09190', 'PF06421', 'PF04963', 'PF05198', 'PF03947', 'TIGR01079', 'TIGR01496', 'PF00347', 'PF02367', 'TIGR01085', 'PF02912', 'PF01220', 'PF00750', 'PF00707', 'PF12627', 'PF05190', 'PF01134', 'PF01509', 'PF01025', 'PF00297', 'PF04561', 'PF03755', 'PF00684', 'PF13491', 'PF00181', 'TIGR01510', 'PF05188', 'PF00118', 'TIGR00064'], 'GCN2': ['PF00562', 'TIGR01051', 'PF02021', 'PF00163', 'PF02882', 'TIGR00717', 'PF00731', 'TIGR00464'], 'GCN3': [], 'GCN4': [], 'GCN5+': []}
GCA_001567505.1_ASM156750v1_genomic	{'marker lineage': 'k__Bacteria', '# genomes': 2258, '# markers': 188, '# marker sets': 117, '0': 15, '1': 170, '2': 3, '3': 0, '4': 0, '5+': 0, 'Completeness': 87.82051282051282, 'Contamination': 1.7094017094017093, 'GC': 0.5630708692152593, 'GC std': 0.018420641656178863, 'Genome size': 2971784, '# ambiguous bases': 0, '# scaffolds': 65, '# contigs': 65, 'Longest scaffold': 186856, 'Longest contig': 186856, 'N50 (scaffolds)': 104403, 'N50 (contigs)': 104403, 'Mean scaffold length': 45719.75384615385, 'Mean contig length': 45719.75384615385, 'Coding density': 0.905626384690139, 'Translation table': 11, '# predicted genes': 2967, 'GCN0': ['TIGR00460', 'TIGR03302', 'PF01668', 'PF00830', 'TIGR00420', 'TIGR00615', 'PF02575', 'PF00471', 'PF02091', 'TIGR03598', 'TIGR00409', 'TIGR00755', 'PF02912', 'PF02092', 'PF00684'], 'GCN1': ['PF00627', 'PF00886', 'PF08529', 'PF00673', 'PF13932', 'TIGR00922', 'PF04997', 'PF01018', 'PF05698', 'PF11987', 'TIGR01145', 'PF00453', 'TIGR03263', 'PF01196', 'PF02403', 'PF00333', 'PF01715', 'PF00298', 'TIGR03723', 'PF01409', 'PF06071', 'PF01649', 'PF01192', 'PF01351', 'PF00237', 'PF00562', 'PF01782', 'PF11967', 'PF00253', 'PF03652', 'TIGR00214', 'PF03946', 'TIGR00436', 'PF04998', 'PF07516', 'TIGR02393', 'PF01193', 'PF01416', 'PF00177', 'PF12631', 'TIGR00020', 'TIGR01394', 'TIGR02075', 'PF02410', 'PF01783', 'PF03147', 'PF02873', 'PF01330', 'PF02075', 'PF00203', 'PF00238', 'TIGR01143', 'PF00410', 'PF10385', 'PF00252', 'PF02224', 'TIGR01063', 'TIGR00329', 'PF00366', 'PF12169', 'PF01765', 'PF00861', 'TIGR00422', 'PF00573', 'TIGR03594', 'TIGR00392', 'TIGR00041', 'PF02768', 'PF07499', 'PF06418', 'PF01795', 'PF00344', 'PF14450', 'PF00411', 'PF00831', 'PF03726', 'TIGR00575', 'PF00889', 'PF04760', 'PF00828', 'PF05491', 'PF00338', 'TIGR01083', 'PF10396', 'PF00380', 'PF01245', 'PF05697', 'PF00276', 'PF00312', 'TIGR01087', 'TIGR01302', 'PF00318', 'PF01746', 'PF00163', 'PF04565', 'PF00687', 'TIGR00095', 'TIGR03725', 'PF02978', 'PF04563', 'PF04983', 'PF02576', 'TIGR00362', 'PF01121', 'TIGR01133', 'PF00623', 'PF01687', 'PF02096', 'PF02565', 'PF00281', 'PF02699', 'TIGR00595', 'PF00584', 'PF03484', 'PF03948', 'PF01119', 'PF04560', 'PF07497', 'PF02527', 'TIGR01750', 'TIGR01499', 'PF00572', 'PF12344', 'PF01195', 'TIGR00593', 'PF00712', 'PF01084', 'PF01043', 'PF01000', 'PF04977', 'PF05000', 'PF00334', 'PF00189', 'PF01386', 'PF13603', 'TIGR01951', 'PF03719', 'PF00164', 'PF02491', 'PF00035', 'TIGR02432', 'TIGR01059', 'TIGR00442', 'PF02033', 'PF02130', 'TIGR00019', 'PF00466', 'PF01250', 'TIGR00445', 'PF01281', 'PF01624', 'PF13184', 'PF08459', 'PF00542', 'PF06421', 'PF03947', 'TIGR01079', 'TIGR00186', 'PF00347', 'PF02367', 'TIGR01085', 'PF00750', 'PF03485', 'TIGR00344', 'PF05190', 'PF01509', 'PF00297', 'PF04561', 'PF00181', 'TIGR00064'], 'GCN2': ['PF00829', 'PF01016', 'TIGR00435'], 'GCN3': [], 'GCN4': [], 'GCN5+': []}
GCA_001567255.1_ASM156725v1_genomic	{'marker lineage': 'p__Bacteroidetes', '# genomes': 364, '# markers': 302, '# marker sets': 202, '0': 12, '1': 290, '2': 0, '3': 0, '4': 0, '5+': 0, 'Completeness': 94.88448844884489, 'Contamination': 0.0, 'GC': 0.3772390978964721, 'GC std': 0.02531126210586994, 'Genome size': 3163495, '# ambiguous bases': 0, '# scaffolds': 80, '# contigs': 80, 'Longest scaffold': 247052, 'Longest contig': 247052, 'N50 (scaffolds)': 79343, 'N50 (contigs)': 79343, 'Mean scaffold length': 39543.6875, 'Mean contig length': 39543.6875, 'Coding density': 0.8796233279964091, 'Translation table': 11, '# predicted genes': 2710, 'GCN0': ['TIGR00644', 'PF02873', 'PF08501', 'TIGR00054', 'TIGR00228', 'TIGR01499', 'TIGR03423', 'PF04963', 'PF04552', 'TIGR00539', 'PF01386', 'PF02545'], 'GCN1': ['PF00886', 'PF00673', 'TIGR01296', 'TIGR00922', 'PF11987', 'PF00453', 'PF06574', 'TIGR01364', 'PF01196', 'PF00333', 'PF02631', 'PF00298', 'PF01351', 'PF00237', 'PF00562', 'PF00253', 'PF01029', 'PF03946', 'PF12002', 'TIGR00048', 'PF04998', 'PF12072', 'PF01193', 'TIGR00336', 'PF13368', 'PF01406', 'PF03461', 'PF01668', 'TIGR01394', 'TIGR02075', 'PF00830', 'PF08676', 'TIGR00536', 'PF02673', 'PF03147', 'PF01330', 'PF00203', 'TIGR00457', 'PF00238', 'TIGR00360', 'PF03950', 'PF00252', 'PF01653', 'PF03120', 'PF00308', 'PF02021', 'PF01765', 'PF03725', 'TIGR00634', 'PF00154', 'TIGR03594', 'PF00829', 'PF02620', 'PF02590', 'PF06144', 'PF13393', 'PF01795', 'PF00344', 'PF10150', 'PF00411', 'PF03726', 'TIGR00418', 'PF05362', 'PF07517', 'TIGR03303', 'PF00885', 'PF00677', 'PF05697', 'PF01264', 'PF00276', 'TIGR01241', 'TIGR01087', 'PF02684', 'PF03989', 'PF13507', 'TIGR01579', 'PF00318', 'TIGR01082', 'PF13100', 'PF04565', 'PF00687', 'PF02978', 'PF04563', 'PF02576', 'TIGR00416', 'PF06689', 'PF01687', 'TIGR01934', 'PF00281', 'PF03484', 'PF03948', 'PF01725', 'PF04560', 'PF02527', 'PF14126', 'PF04468', 'TIGR01750', 'PF00572', 'PF01195', 'PF02591', 'PF04085', 'PF01000', 'PF02390', 'PF01016', 'PF02882', 'TIGR00717', 'PF00189', 'PF02938', 'PF00162', 'TIGR02397', 'PF14093', 'PF03719', 'PF00731', 'TIGR02432', 'PF02033', 'PF01205', 'PF00466', 'PF01250', 'PF02559', 'TIGR01125', 'TIGR00445', 'PF05746', 'TIGR00755', 'PF08459', 'TIGR03990', 'TIGR01496', 'PF02367', 'TIGR01085', 'PF00750', 'PF12627', 'TIGR00464', 'PF03485', 'PF05190', 'PF01025', 'PF04561', 'PF03755', 'PF12864', 'PF00684', 'PF13491', 'PF00181', 'TIGR00064', 'PF00627', 'PF08529', 'TIGR00888', 'PF13932', 'PF04997', 'PF01018', 'PF02403', 'PF01411', 'TIGR03723', 'PF01409', 'PF06071', 'PF01649', 'PF09180', 'PF01702', 'TIGR03346', 'TIGR00389', 'PF11967', 'TIGR00460', 'PF03652', 'PF02132', 'TIGR03302', 'PF02844', 'TIGR00436', 'PF07516', 'TIGR00855', 'TIGR00233', 'PF03840', 'PF00121', 'PF00177', 'PF12631', 'TIGR00020', 'TIGR00121', 'TIGR02651', 'PF00834', 'TIGR01830', 'PF11387', 'PF01743', 'PF00410', 'PF10385', 'PF02224', 'TIGR00329', 'PF00366', 'PF01820', 'TIGR01051', 'PF14123', 'PF00861', 'TIGR00422', 'PF00573', 'PF01176', 'PF11307', 'TIGR00392', 'PF08340', 'PF02606', 'PF01138', 'PF02580', 'PF07499', 'PF06418', 'PF14450', 'PF01513', 'PF00825', 'TIGR01357', 'PF00831', 'TIGR00067', 'PF01071', 'PF03143', 'PF02355', 'PF00889', 'PF04760', 'PF00828', 'TIGR00928', 'PF05491', 'PF00338', 'PF10396', 'PF00380', 'PF01245', 'PF01784', 'PF00471', 'PF00312', 'PF01746', 'PF00163', 'PF01367', 'TIGR00326', 'TIGR00643', 'TIGR00095', 'TIGR03725', 'PF00773', 'PF04983', 'PF10609', 'PF01121', 'TIGR00444', 'TIGR01133', 'PF00623', 'PF01255', 'PF00416', 'PF02096', 'TIGR01574', 'PF02699', 'TIGR00595', 'PF01119', 'PF14121', 'TIGR00499', 'TIGR00482', 'PF07497', 'TIGR00479', 'PF10458', 'PF12344', 'TIGR00611', 'PF01084', 'PF02618', 'PF01043', 'PF06723', 'PF04977', 'PF05000', 'TIGR02350', 'PF13603', 'TIGR03598', 'TIGR01072', 'PF00625', 'PF02843', 'PF00164', 'PF00035', 'PF03331', 'PF01197', 'TIGR01059', 'PF00763', 'PF02152', 'PF02130', 'TIGR00019', 'PF07549', 'PF13167', 'PF01580', 'PF02739', 'PF01281', 'TIGR00036', 'PF13184', 'PF09190', 'PF06421', 'PF03947', 'TIGR01079', 'PF00347', 'PF02912', 'PF01220', 'PF00707', 'PF01134', 'PF01509', 'PF00297', 'TIGR01510', 'PF05188', 'PF00118'], 'GCN2': [], 'GCN3': [], 'GCN4': [], 'GCN5+': []}
GCA_001567545.1_ASM156754v1_genomic	{'marker lineage': 'k__Bacteria', '# genomes': 433, '# markers': 273, '# marker sets': 183, '0': 28, '1': 240, '2': 5, '3': 0, '4': 0, '5+': 0, 'Completeness': 86.50273224043717, 'Contamination': 2.185792349726776, 'GC': 0.37144047499516336, 'GC std': 0.02783392575178562, 'Genome size': 3266728, '# ambiguous bases': 0, '# scaffolds': 389, '# contigs': 389, 'Longest scaffold': 66591, 'Longest contig': 66591, 'N50 (scaffolds)': 15200, 'N50 (contigs)': 15200, 'Mean scaffold length': 8397.758354755784, 'Mean contig length': 8397.758354755784, 'Coding density': 0.8881872013831577, 'Translation table': 11, '# predicted genes': 3310, 'GCN0': ['PF01649', 'PF09180', 'TIGR00737', 'TIGR00336', 'PF01406', 'PF02075', 'PF02224', 'PF03120', 'TIGR00634', 'PF11307', 'PF08340', 'PF03772', 'PF00825', 'TIGR01357', 'TIGR00928', 'PF01264', 'PF02576', 'PF14126', 'PF04468', 'TIGR00717', 'PF13603', 'TIGR01072', 'PF00035', 'TIGR02432', 'TIGR00019', 'PF05198', 'PF01220', 'PF05190'], 'GCN1': ['PF00627', 'PF00886', 'PF08529', 'PF00673', 'PF13932', 'TIGR01296', 'TIGR00922', 'PF04997', 'PF01018', 'PF11987', 'PF00453', 'PF06574', 'PF01196', 'PF02403', 'PF00333', 'PF01411', 'PF02631', 'PF00298', 'TIGR03723', 'PF01409', 'PF06071', 'PF01702', 'PF00237', 'PF00562', 'PF00988', 'TIGR00389', 'PF11967', 'PF00253', 'TIGR00460', 'PF03652', 'PF02132', 'PF03946', 'PF12002', 'TIGR00644', 'PF02844', 'TIGR00436', 'TIGR00048', 'PF04998', 'PF07516', 'TIGR00855', 'PF12072', 'PF01193', 'TIGR00233', 'PF03840', 'PF00121', 'PF00177', 'PF03461', 'PF01668', 'PF12631', 'TIGR00020', 'TIGR01394', 'TIGR02075', 'PF00830', 'TIGR00121', 'PF08676', 'TIGR00536', 'PF02673', 'PF03147', 'PF02873', 'PF00834', 'PF01330', 'PF00203', 'PF11387', 'PF00238', 'PF01743', 'PF00410', 'PF10385', 'TIGR00966', 'PF00252', 'TIGR00329', 'PF00366', 'PF01820', 'PF01653', 'TIGR01129', 'PF00308', 'TIGR01051', 'PF02021', 'PF01765', 'PF00861', 'PF03725', 'TIGR00422', 'PF00573', 'PF00154', 'TIGR03594', 'PF01176', 'TIGR00392', 'PF00829', 'PF02620', 'PF06144', 'PF01138', 'PF07499', 'PF06418', 'PF13393', 'PF01795', 'PF00344', 'PF10150', 'PF14450', 'PF00411', 'PF01513', 'PF00831', 'PF01071', 'PF03726', 'PF00889', 'PF04760', 'PF00828', 'PF05491', 'PF00338', 'TIGR00418', 'PF10396', 'PF07517', 'PF00380', 'PF01245', 'PF00885', 'PF00677', 'PF00471', 'TIGR00054', 'PF05697', 'PF00276', 'PF00312', 'TIGR01087', 'PF04552', 'PF13507', 'PF00318', 'PF01746', 'PF00163', 'PF01367', 'PF13100', 'TIGR00326', 'PF04565', 'TIGR00643', 'PF00687', 'PF01632', 'TIGR03725', 'PF02978', 'PF04563', 'PF00773', 'PF04983', 'TIGR00539', 'PF10609', 'PF01121', 'TIGR00416', 'TIGR00444', 'TIGR01133', 'PF00623', 'PF01255', 'PF06689', 'PF01687', 'PF00416', 'PF02096', 'TIGR01934', 'PF02565', 'TIGR01574', 'PF00281', 'PF02699', 'TIGR00595', 'PF03484', 'PF03948', 'PF01119', 'PF01725', 'TIGR00499', 'TIGR00482', 'PF04560', 'PF07497', 'PF02527', 'TIGR00479', 'PF10458', 'TIGR01750', 'TIGR01499', 'PF00572', 'PF12344', 'PF01195', 'PF02591', 'TIGR00611', 'PF01084', 'PF01043', 'PF04085', 'PF01000', 'PF01016', 'PF05000', 'PF02882', 'PF00189', 'TIGR02350', 'PF02938', 'PF01386', 'TIGR01951', 'PF00162', 'TIGR02397', 'PF03719', 'TIGR03598', 'PF00625', 'PF02843', 'PF00731', 'PF00164', 'PF03331', 'PF01197', 'TIGR01059', 'PF02033', 'TIGR00485', 'TIGR03423', 'PF00763', 'PF02152', 'PF02130', 'PF00466', 'PF13167', 'PF01580', 'PF01250', 'PF02739', 'PF02559', 'TIGR00445', 'PF02545', 'PF05746', 'PF01281', 'TIGR00755', 'PF13184', 'PF08459', 'PF06421', 'PF04963', 'TIGR03990', 'PF03947', 'TIGR01079', 'PF00347', 'PF02367', 'TIGR01085', 'PF02912', 'PF00750', 'PF00707', 'PF12627', 'PF01134', 'PF01509', 'PF01025', 'PF00297', 'PF04561', 'PF03755', 'PF00684', 'PF13491', 'PF00181', 'TIGR01510', 'PF05188', 'PF00118', 'TIGR00064'], 'GCN2': ['TIGR03303', 'PF03989', 'PF09190', 'TIGR01496', 'TIGR00464'], 'GCN3': [], 'GCN4': [], 'GCN5+': []}
GCA_001567405.1_ASM156740v1_genomic	{'marker lineage': 'p__Bacteroidetes', '# genomes': 364, '# markers': 302, '# marker sets': 202, '0': 6, '1': 293, '2': 3, '3': 0, '4': 0, '5+': 0, 'Completeness': 97.27722772277228, 'Contamination': 1.4851485148514851, 'GC': 0.4140792344328599, 'GC std': 0.030443330320122836, 'Genome size': 3578419, '# ambiguous bases': 0, '# scaffolds': 74, '# contigs': 74, 'Longest scaffold': 299496, 'Longest contig': 299496, 'N50 (scaffolds)': 99082, 'N50 (contigs)': 99082, 'Mean scaffold length': 48357.01351351351, 'Mean contig length': 48357.01351351351, 'Coding density': 0.8561023737019058, 'Translation table': 11, '# predicted genes': 3083, 'GCN0': ['TIGR00644', 'TIGR00457', 'TIGR00928', 'TIGR00499', 'PF04977', 'PF07549'], 'GCN1': ['PF00886', 'PF00673', 'TIGR01296', 'TIGR00922', 'PF11987', 'PF00453', 'PF06574', 'TIGR01364', 'PF01196', 'PF00333', 'PF02631', 'PF00298', 'PF01351', 'PF00237', 'PF00562', 'PF00253', 'PF01029', 'PF03946', 'PF12002', 'TIGR00048', 'PF04998', 'PF12072', 'PF01193', 'TIGR00336', 'PF13368', 'PF01406', 'PF03461', 'PF01668', 'TIGR01394', 'TIGR02075', 'PF00830', 'PF08676', 'TIGR00536', 'PF02673', 'PF03147', 'PF02873', 'PF01330', 'PF00203', 'PF00238', 'TIGR00360', 'PF03950', 'PF00252', 'PF01653', 'PF03120', 'PF00308', 'PF02021', 'PF01765', 'PF03725', 'TIGR00634', 'PF00154', 'TIGR03594', 'PF00829', 'PF02620', 'PF02590', 'PF06144', 'PF13393', 'PF01795', 'PF00344', 'PF10150', 'PF00411', 'PF03726', 'PF08501', 'TIGR00418', 'PF07517', 'TIGR03303', 'PF00885', 'PF00677', 'TIGR00054', 'PF05697', 'PF01264', 'PF00276', 'TIGR01241', 'TIGR01087', 'PF02684', 'PF03989', 'PF13507', 'TIGR01579', 'PF00318', 'TIGR01082', 'PF13100', 'PF04565', 'PF00687', 'PF02978', 'PF04563', 'PF02576', 'TIGR00416', 'TIGR00228', 'PF06689', 'PF01687', 'TIGR01934', 'PF00281', 'PF03484', 'PF03948', 'PF01725', 'PF04560', 'PF02527', 'PF14126', 'PF04468', 'TIGR01750', 'TIGR01499', 'PF00572', 'PF01195', 'PF02591', 'PF04085', 'PF01000', 'PF02390', 'PF01016', 'PF02882', 'TIGR00717', 'PF00189', 'PF02938', 'PF00162', 'TIGR02397', 'PF14093', 'PF03719', 'PF00731', 'TIGR02432', 'PF02033', 'PF01205', 'TIGR03423', 'PF00466', 'PF01250', 'PF02559', 'TIGR01125', 'TIGR00445', 'PF05746', 'TIGR00755', 'PF08459', 'PF04963', 'TIGR03990', 'TIGR01496', 'PF02367', 'TIGR01085', 'PF00750', 'PF12627', 'TIGR00464', 'PF03485', 'PF05190', 'PF01025', 'PF04561', 'PF03755', 'PF12864', 'PF00684', 'PF13491', 'PF00181', 'TIGR00064', 'PF00627', 'PF08529', 'TIGR00888', 'PF13932', 'PF04997', 'PF01018', 'PF02403', 'PF01411', 'TIGR03723', 'PF01409', 'PF06071', 'PF01649', 'PF09180', 'PF01702', 'TIGR03346', 'TIGR00389', 'PF11967', 'TIGR00460', 'PF03652', 'PF02132', 'TIGR03302', 'PF02844', 'TIGR00436', 'PF07516', 'TIGR00855', 'TIGR00233', 'PF03840', 'PF00121', 'PF00177', 'PF12631', 'TIGR00020', 'TIGR00121', 'TIGR02651', 'PF00834', 'PF11387', 'PF01743', 'PF00410', 'PF10385', 'PF02224', 'TIGR00329', 'PF00366', 'PF01820', 'TIGR01051', 'PF14123', 'PF00861', 'TIGR00422', 'PF00573', 'PF01176', 'PF11307', 'TIGR00392', 'PF08340', 'PF02606', 'PF01138', 'PF02580', 'PF07499', 'PF06418', 'PF14450', 'PF00825', 'TIGR01357', 'PF00831', 'TIGR00067', 'PF01071', 'PF03143', 'PF02355', 'PF00889', 'PF04760', 'PF00828', 'PF05491', 'PF00338', 'PF10396', 'PF00380', 'PF01245', 'PF01784', 'PF00471', 'PF00312', 'PF04552', 'PF01746', 'PF00163', 'PF01367', 'TIGR00326', 'TIGR00643', 'TIGR00095', 'TIGR03725', 'PF00773', 'PF04983', 'TIGR00539', 'PF10609', 'PF01121', 'TIGR00444', 'TIGR01133', 'PF00623', 'PF01255', 'PF00416', 'PF02096', 'TIGR01574', 'PF02699', 'TIGR00595', 'PF01119', 'PF14121', 'TIGR00482', 'PF07497', 'TIGR00479', 'PF10458', 'PF12344', 'TIGR00611', 'PF01084', 'PF02618', 'PF01043', 'PF06723', 'PF05000', 'TIGR02350', 'PF01386', 'PF13603', 'TIGR03598', 'TIGR01072', 'PF00625', 'PF02843', 'PF00164', 'PF00035', 'PF03331', 'PF01197', 'TIGR01059', 'PF00763', 'PF02152', 'PF02130', 'TIGR00019', 'PF13167', 'PF01580', 'PF02739', 'PF02545', 'PF01281', 'TIGR00036', 'PF13184', 'PF09190', 'PF06421', 'PF03947', 'TIGR01079', 'PF00347', 'PF02912', 'PF01220', 'PF00707', 'PF01134', 'PF01509', 'PF00297', 'TIGR01510', 'PF05188', 'PF00118'], 'GCN2': ['PF05362', 'TIGR01830', 'PF01513'], 'GCN3': [], 'GCN4': [], 'GCN5+': []}
GCA_001567445.1_ASM156744v1_genomic	{'marker lineage': 'k__Bacteria', '# genomes': 2258, '# markers': 181, '# marker sets': 110, '0': 19, '1': 156, '2': 6, '3': 0, '4': 0, '5+': 0, 'Completeness': 91.00378787878788, 'Contamination': 4.318181818181818, 'GC': 0.6035890399793514, 'GC std': 0.02519792573942328, 'Genome size': 3754263, '# ambiguous bases': 0, '# scaffolds': 79, '# contigs': 79, 'Longest scaffold': 248087, 'Longest contig': 248087, 'N50 (scaffolds)': 121772, 'N50 (contigs)': 121772, 'Mean scaffold length': 47522.3164556962, 'Mean contig length': 47522.3164556962, 'Coding density': 0.9060276277927253, 'Translation table': 11, '# predicted genes': 3715, 'GCN0': ['TIGR00922', 'PF00298', 'PF00253', 'PF03946', 'PF03147', 'PF00687', 'PF00584', 'TIGR01750', 'PF00466', 'PF02403', 'PF01192', 'PF11967', 'TIGR00436', 'PF02075', 'TIGR00095', 'PF02565', 'PF04977', 'PF13603', 'PF02912'], 'GCN1': ['PF00886', 'PF00673', 'PF11987', 'PF00453', 'PF01196', 'PF00333', 'PF01715', 'PF00237', 'PF00562', 'PF04998', 'PF01193', 'PF01668', 'TIGR02075', 'TIGR00420', 'PF02873', 'PF01330', 'TIGR00615', 'PF00203', 'PF00238', 'PF00252', 'PF01765', 'TIGR03594', 'TIGR00041', 'PF00829', 'PF02768', 'PF01795', 'PF00344', 'PF00411', 'PF03726', 'PF05697', 'PF00276', 'TIGR01087', 'TIGR01302', 'PF00318', 'PF04565', 'PF02978', 'PF04563', 'PF02576', 'TIGR00362', 'PF01687', 'PF00281', 'PF03484', 'PF03948', 'PF04560', 'PF02527', 'PF00572', 'PF01195', 'PF01000', 'PF01016', 'PF00334', 'PF00189', 'PF02938', 'PF03719', 'TIGR00409', 'TIGR02432', 'PF02033', 'PF01250', 'TIGR00445', 'PF01624', 'TIGR00755', 'PF08459', 'PF02367', 'TIGR01085', 'PF00750', 'PF03485', 'PF05190', 'PF04561', 'TIGR00435', 'PF00181', 'TIGR00064', 'PF00627', 'PF08529', 'PF13932', 'PF04997', 'PF01018', 'PF05698', 'TIGR01145', 'TIGR03263', 'TIGR03723', 'PF01409', 'PF06071', 'PF01649', 'TIGR00460', 'PF07516', 'TIGR02393', 'PF01416', 'PF00177', 'PF12631', 'TIGR00020', 'PF02410', 'PF01783', 'TIGR01143', 'PF00410', 'PF10385', 'PF02224', 'TIGR01063', 'TIGR00329', 'PF00366', 'PF12169', 'PF00861', 'TIGR00422', 'PF00573', 'TIGR00392', 'PF07499', 'PF06418', 'PF14450', 'PF00831', 'TIGR00575', 'PF02575', 'PF00889', 'PF04760', 'PF00828', 'PF05491', 'PF00338', 'PF10396', 'PF00380', 'PF01245', 'PF00471', 'PF00312', 'PF01746', 'PF00163', 'TIGR03725', 'PF04983', 'PF01121', 'TIGR01133', 'PF00623', 'PF02096', 'PF02699', 'TIGR00595', 'PF01119', 'PF07497', 'PF02091', 'PF12344', 'TIGR00593', 'PF00712', 'PF05000', 'PF01386', 'TIGR01951', 'PF00164', 'PF02491', 'TIGR01059', 'TIGR00442', 'PF02130', 'TIGR00019', 'PF01281', 'PF13184', 'PF00542', 'PF06421', 'PF03947', 'TIGR01079', 'TIGR00186', 'PF00347', 'TIGR00344', 'PF01509', 'PF02092', 'PF00297'], 'GCN2': ['PF01351', 'PF00830', 'TIGR01499', 'TIGR01083', 'PF01084', 'PF01043'], 'GCN3': [], 'GCN4': [], 'GCN5+': []}
GCA_001567105.1_ASM156710v1_genomic	{'marker lineage': 'k__Bacteria', '# genomes': 924, '# markers': 163, '# marker sets': 110, '0': 13, '1': 148, '2': 2, '3': 0, '4': 0, '5+': 0, 'Completeness': 90.72727272727273, 'Contamination': 1.8181818181818181, 'GC': 0.4015767033498864, 'GC std': 0.02980194729006495, 'Genome size': 3041536, '# ambiguous bases': 0, '# scaffolds': 74, '# contigs': 74, 'Longest scaffold': 211291, 'Longest contig': 211291, 'N50 (scaffolds)': 76409, 'N50 (contigs)': 76409, 'Mean scaffold length': 41101.83783783784, 'Mean contig length': 41101.83783783784, 'Coding density': 0.8938773040989816, 'Translation table': 11, '# predicted genes': 3161, 'GCN0': ['PF13507', 'PF01808', 'PF00584', 'PF00162', 'TIGR00064', 'TIGR01134', 'TIGR01162', 'TIGR00878', 'PF02844', 'PF03840', 'PF01071', 'TIGR00963', 'PF02843'], 'GCN1': ['PF00886', 'PF00673', 'PF11987', 'PF00453', 'PF06574', 'PF01196', 'PF00333', 'PF01715', 'PF02686', 'PF00298', 'PF01351', 'PF00237', 'PF00562', 'PF08299', 'PF03946', 'PF09285', 'PF04998', 'PF01193', 'PF03461', 'PF01668', 'TIGR01394', 'TIGR02075', 'PF01330', 'PF00203', 'PF00238', 'TIGR01173', 'PF00252', 'PF01765', 'PF03602', 'TIGR00634', 'TIGR01980', 'TIGR03594', 'PF00829', 'PF08207', 'TIGR03631', 'PF01795', 'PF00344', 'PF00411', 'PF01709', 'PF01132', 'PF03726', 'TIGR00234', 'PF00958', 'PF05697', 'PF01264', 'PF00276', 'PF00318', 'PF04565', 'PF00687', 'TIGR00670', 'PF01632', 'PF02978', 'PF04563', 'PF01687', 'PF00281', 'PF03484', 'PF03948', 'PF04560', 'PF02527', 'TIGR00010', 'TIGR00096', 'PF00572', 'PF01000', 'PF01016', 'PF00189', 'PF03719', 'TIGR00419', 'PF02033', 'PF00466', 'PF01250', 'TIGR00755', 'PF08459', 'PF02367', 'PF04561', 'PF00181', 'PF00627', 'PF08529', 'PF04997', 'PF01018', 'PF05698', 'PF02403', 'TIGR03723', 'PF06071', 'PF01649', 'TIGR00741', 'PF02357', 'PF01782', 'PF11967', 'PF02132', 'TIGR00436', 'TIGR00855', 'PF01416', 'PF00177', 'PF03119', 'TIGR00020', 'PF02410', 'PF02075', 'PF00410', 'PF10385', 'PF02224', 'TIGR00250', 'TIGR00329', 'PF00366', 'PF00861', 'PF00573', 'TIGR00392', 'PF00831', 'PF00889', 'PF00828', 'PF05491', 'PF00338', 'PF00380', 'PF01245', 'PF00312', 'TIGR00539', 'PF10609', 'PF01121', 'TIGR02012', 'PF00623', 'PF02565', 'TIGR00132', 'PF12344', 'TIGR00593', 'TIGR00611', 'PF13603', 'TIGR01951', 'PF00625', 'PF00164', 'TIGR01059', 'TIGR00442', 'TIGR01978', 'PF02130', 'TIGR00019', 'PF13167', 'PF01281', 'PF13184', 'PF06421', 'PF03947', 'TIGR01079', 'TIGR00186', 'PF00347', 'PF02912', 'PF00707', 'PF00091', 'TIGR00344', 'PF01509', 'PF00297', 'TIGR01510'], 'GCN2': ['TIGR03725', 'PF02934'], 'GCN3': [], 'GCN4': [], 'GCN5+': []}
GCA_001567085.1_ASM156708v1_genomic	{'marker lineage': 'k__Bacteria', '# genomes': 924, '# markers': 163, '# marker sets': 110, '0': 17, '1': 146, '2': 0, '3': 0, '4': 0, '5+': 0, 'Completeness': 87.27272727272727, 'Contamination': 0.0, 'GC': 0.5465623318262862, 'GC std': 0.016631408027564503, 'Genome size': 3798156, '# ambiguous bases': 0, '# scaffolds': 190, '# contigs': 190, 'Longest scaffold': 122660, 'Longest contig': 122660, 'N50 (scaffolds)': 32886, 'N50 (contigs)': 32886, 'Mean scaffold length': 19990.294736842105, 'Mean contig length': 19990.294736842105, 'Coding density': 0.9063008470426175, 'Translation table': 11, '# predicted genes': 3553, 'GCN0': ['TIGR01173', 'PF01795', 'PF03726', 'PF00958', 'PF05697', 'PF13507', 'TIGR00064', 'TIGR01134', 'PF05698', 'PF02132', 'TIGR00878', 'PF02844', 'PF02224', 'PF01071', 'PF00312', 'PF02843', 'PF00091'], 'GCN1': ['PF00886', 'PF00673', 'PF11987', 'PF00453', 'PF06574', 'PF01196', 'PF00333', 'PF01715', 'PF02686', 'PF00298', 'PF01351', 'PF00237', 'PF00562', 'PF08299', 'PF03946', 'PF09285', 'PF04998', 'PF01193', 'PF03461', 'PF01668', 'TIGR01394', 'TIGR02075', 'PF01330', 'PF00203', 'PF00238', 'PF00252', 'PF01765', 'PF03602', 'TIGR00634', 'TIGR01980', 'TIGR03594', 'PF00829', 'PF08207', 'TIGR03631', 'PF00344', 'PF00411', 'PF01709', 'PF01132', 'TIGR00234', 'PF01264', 'PF00276', 'PF00318', 'PF01808', 'PF04565', 'PF00687', 'TIGR00670', 'PF01632', 'PF02978', 'PF04563', 'PF01687', 'PF00281', 'PF00584', 'PF03484', 'PF03948', 'PF04560', 'PF02527', 'TIGR00010', 'TIGR00096', 'PF00572', 'PF01000', 'PF01016', 'PF00189', 'PF00162', 'PF03719', 'TIGR00419', 'PF02033', 'PF00466', 'PF01250', 'TIGR00755', 'PF08459', 'PF02367', 'PF04561', 'PF00181', 'PF00627', 'PF08529', 'PF04997', 'PF01018', 'PF02403', 'TIGR03723', 'PF06071', 'PF01649', 'TIGR00741', 'PF02357', 'PF01782', 'PF11967', 'TIGR01162', 'TIGR00436', 'TIGR00855', 'PF03840', 'PF01416', 'PF00177', 'PF03119', 'TIGR00020', 'PF02410', 'PF02075', 'PF00410', 'PF10385', 'TIGR00250', 'TIGR00329', 'PF00366', 'PF00861', 'PF00573', 'TIGR00392', 'PF00831', 'PF00889', 'PF00828', 'PF05491', 'PF00338', 'TIGR00963', 'PF00380', 'PF01245', 'TIGR03725', 'TIGR00539', 'PF10609', 'PF01121', 'TIGR02012', 'PF00623', 'PF02565', 'TIGR00132', 'PF12344', 'TIGR00593', 'TIGR00611', 'PF13603', 'TIGR01951', 'PF00625', 'PF00164', 'TIGR01059', 'TIGR00442', 'TIGR01978', 'PF02130', 'TIGR00019', 'PF13167', 'PF01281', 'PF13184', 'PF06421', 'PF03947', 'TIGR01079', 'TIGR00186', 'PF00347', 'PF02912', 'PF02934', 'PF00707', 'TIGR00344', 'PF01509', 'PF00297', 'TIGR01510'], 'GCN2': [], 'GCN3': [], 'GCN4': [], 'GCN5+': []}
GCA_001567485.1_ASM156748v1_genomic	{'marker lineage': 'k__Bacteria', '# genomes': 924, '# markers': 163, '# marker sets': 110, '0': 3, '1': 160, '2': 0, '3': 0, '4': 0, '5+': 0, 'Completeness': 97.27272727272727, 'Contamination': 0.0, 'GC': 0.6258694101729935, 'GC std': 0.02259503025236498, 'Genome size': 4220390, '# ambiguous bases': 0, '# scaffolds': 148, '# contigs': 148, 'Longest scaffold': 317662, 'Longest contig': 317662, 'N50 (scaffolds)': 53575, 'N50 (contigs)': 53575, 'Mean scaffold length': 28516.14864864865, 'Mean contig length': 28516.14864864865, 'Coding density': 0.9007970827340601, 'Translation table': 11, '# predicted genes': 3898, 'GCN0': ['TIGR01173', 'TIGR00419', 'PF02224'], 'GCN1': ['PF00886', 'PF00673', 'PF11987', 'PF00453', 'PF06574', 'PF01196', 'PF00333', 'PF01715', 'PF02686', 'PF00298', 'PF01351', 'PF00237', 'PF00562', 'PF08299', 'PF03946', 'PF09285', 'PF04998', 'PF01193', 'PF03461', 'PF01668', 'TIGR01394', 'TIGR02075', 'PF01330', 'PF00203', 'PF00238', 'PF00252', 'PF01765', 'PF03602', 'TIGR00634', 'TIGR01980', 'TIGR03594', 'PF00829', 'PF08207', 'TIGR03631', 'PF01795', 'PF00344', 'PF00411', 'PF01709', 'PF01132', 'PF03726', 'TIGR00234', 'PF00958', 'PF05697', 'PF01264', 'PF00276', 'PF13507', 'PF00318', 'PF01808', 'PF04565', 'PF00687', 'TIGR00670', 'PF01632', 'PF02978', 'PF04563', 'PF01687', 'PF00281', 'PF00584', 'PF03484', 'PF03948', 'PF04560', 'PF02527', 'TIGR00010', 'TIGR00096', 'PF00572', 'PF01000', 'PF01016', 'PF00189', 'PF00162', 'PF03719', 'PF02033', 'PF00466', 'PF01250', 'TIGR00755', 'PF08459', 'PF02367', 'PF04561', 'PF00181', 'TIGR00064', 'PF00627', 'PF08529', 'TIGR01134', 'PF04997', 'PF01018', 'PF05698', 'PF02403', 'TIGR03723', 'PF06071', 'PF01649', 'TIGR00741', 'PF02357', 'PF01782', 'PF11967', 'TIGR01162', 'PF02132', 'TIGR00878', 'PF02844', 'TIGR00436', 'TIGR00855', 'PF03840', 'PF01416', 'PF00177', 'PF03119', 'TIGR00020', 'PF02410', 'PF02075', 'PF00410', 'PF10385', 'TIGR00250', 'TIGR00329', 'PF00366', 'PF00861', 'PF00573', 'TIGR00392', 'PF00831', 'PF01071', 'PF00889', 'PF00828', 'PF05491', 'PF00338', 'TIGR00963', 'PF00380', 'PF01245', 'PF00312', 'TIGR03725', 'TIGR00539', 'PF10609', 'PF01121', 'TIGR02012', 'PF00623', 'PF02565', 'TIGR00132', 'PF12344', 'TIGR00593', 'TIGR00611', 'PF13603', 'TIGR01951', 'PF00625', 'PF02843', 'PF00164', 'TIGR01059', 'TIGR00442', 'TIGR01978', 'PF02130', 'TIGR00019', 'PF13167', 'PF01281', 'PF13184', 'PF06421', 'PF03947', 'TIGR01079', 'TIGR00186', 'PF00347', 'PF02912', 'PF02934', 'PF00707', 'PF00091', 'TIGR00344', 'PF01509', 'PF00297', 'TIGR01510'], 'GCN2': [], 'GCN3': [], 'GCN4': [], 'GCN5+': []}
GCA_001567435.1_ASM156743v1_genomic	{'marker lineage': 'c__Betaproteobacteria', '# genomes': 235, '# markers': 414, '# marker sets': 211, '0': 5, '1': 403, '2': 6, '3': 0, '4': 0, '5+': 0, 'Completeness': 99.02580305423908, 'Contamination': 1.5681628101477558, 'GC': 0.5052984093086801, 'GC std': 0.03326325553012306, 'Genome size': 2610123, '# ambiguous bases': 0, '# scaffolds': 343, '# contigs': 343, 'Longest scaffold': 68173, 'Longest contig': 68173, 'N50 (scaffolds)': 15668, 'N50 (contigs)': 15668, 'Mean scaffold length': 7609.68804664723, 'Mean contig length': 7609.68804664723, 'Coding density': 0.8861996158801712, 'Translation table': 11, '# predicted genes': 2658, 'GCN0': ['PF01128', 'PF00327', 'PF12631', 'PF10396', 'PF02091'], 'GCN1': ['PF00886', 'TIGR01036', 'PF00673', 'PF11987', 'PF00453', 'PF05191', 'PF06574', 'PF01196', 'PF00333', 'PF01715', 'TIGR02209', 'PF11898', 'PF02686', 'TIGR03533', 'PF02631', 'PF00298', 'PF01351', 'PF00237', 'PF04408', 'PF00562', 'PF07717', 'PF01288', 'PF00490', 'PF03255', 'PF08299', 'TIGR01462', 'TIGR00214', 'PF08032', 'TIGR00737', 'PF03946', 'PF02504', 'PF09285', 'PF01503', 'PF08364', 'PF04998', 'PF03118', 'PF02603', 'PF13721', 'PF01193', 'PF02556', 'TIGR01942', 'TIGR02796', 'TIGR02063', 'PF03461', 'PF03618', 'PF01668', 'TIGR01394', 'TIGR02075', 'PF00830', 'PF08206', 'PF08676', 'PF03147', 'PF02873', 'PF01330', 'PF11906', 'TIGR01474', 'TIGR02168', 'PF00203', 'PF00238', 'PF00215', 'TIGR01173', 'PF00252', 'PF00438', 'TIGR01695', 'PF01653', 'PF03120', 'TIGR01129', 'PF01765', 'PF01713', 'PF09312', 'PF03602', 'TIGR00634', 'PF03309', 'PF00154', 'PF10093', 'TIGR03594', 'PF01960', 'TIGR00041', 'PF00829', 'PF02620', 'TIGR01084', 'PF02768', 'PF08207', 'PF03740', 'PF02590', 'PF06144', 'TIGR02349', 'PF00013', 'PF01795', 'PF00344', 'PF00411', 'PF03710', 'PF01132', 'PF01472', 'PF03726', 'PF02787', 'PF03938', 'PF04079', 'TIGR03300', 'TIGR02799', 'PF00958', 'TIGR02210', 'PF02616', 'TIGR00054', 'PF05697', 'PF01264', 'TIGR00987', 'PF09424', 'PF00276', 'TIGR01087', 'TIGR01933', 'PF04362', 'TIGR01302', 'PF02674', 'PF13507', 'TIGR00965', 'PF00318', 'TIGR01082', 'PF01808', 'PF02622', 'PF04565', 'PF00687', 'PF01632', 'PF02978', 'PF04563', 'TIGR01027', 'TIGR01464', 'PF02576', 'TIGR00416', 'PF06689', 'PF01687', 'PF00281', 'PF11638', 'PF04751', 'PF00584', 'TIGR01455', 'PF03484', 'PF03948', 'PF02660', 'PF01725', 'PF04560', 'PF04999', 'PF04452', 'TIGR02274', 'PF02527', 'PF04461', 'PF02578', 'TIGR01081', 'TIGR01750', 'TIGR01499', 'PF00572', 'PF01195', 'TIGR01161', 'TIGR02800', 'PF02609', 'PF04085', 'PF01000', 'PF01016', 'PF12327', 'PF04386', 'PF00334', 'PF03966', 'TIGR00717', 'PF00189', 'PF03719', 'TIGR00409', 'PF07072', 'PF00731', 'TIGR02432', 'TIGR00544', 'PF02033', 'TIGR03423', 'TIGR00668', 'PF04093', 'TIGR00185', 'PF02602', 'PF01250', 'TIGR01974', 'PF02559', 'TIGR00445', 'TIGR02614', 'PF01624', 'TIGR00755', 'PF10410', 'PF08459', 'TIGR00091', 'TIGR01496', 'TIGR01085', 'PF12626', 'PF00750', 'PF03668', 'TIGR00464', 'PF03485', 'PF05190', 'TIGR00154', 'TIGR00407', 'PF01025', 'PF04561', 'PF03755', 'PF00181', 'TIGR03002', 'TIGR00064', 'PF00745', 'PF00627', 'PF08529', 'TIGR01134', 'PF13932', 'PF04997', 'PF01018', 'PF05698', 'TIGR01145', 'TIGR01890', 'PF02403', 'TIGR03723', 'PF01409', 'PF06071', 'PF01649', 'PF01192', 'PF01702', 'PF14334', 'PF00902', 'TIGR03346', 'PF00988', 'PF01782', 'PF04052', 'TIGR00460', 'PF02670', 'PF03652', 'TIGR03302', 'TIGR00878', 'PF02844', 'TIGR00436', 'PF07516', 'TIGR00855', 'PF09976', 'PF03840', 'PF00121', 'PF03900', 'PF02153', 'PF01416', 'PF00177', 'PF03119', 'PF07475', 'PF01259', 'TIGR00020', 'PF02410', 'TIGR00121', 'TIGR01983', 'PF02075', 'PF03481', 'TIGR01347', 'TIGR01143', 'PF00410', 'PF13742', 'PF10385', 'TIGR00966', 'TIGR02211', 'PF02224', 'PF02772', 'TIGR01063', 'TIGR00329', 'PF00366', 'PF01820', 'PF12169', 'PF05201', 'PF08436', 'PF00861', 'TIGR02795', 'TIGR00422', 'PF00573', 'PF08478', 'PF05164', 'PF08328', 'TIGR00560', 'TIGR01410', 'PF09382', 'TIGR02392', 'PF08340', 'PF02606', 'PF07499', 'TIGR00515', 'PF06026', 'PF06418', 'PF00406', 'PF01379', 'PF14450', 'PF09179', 'PF02773', 'TIGR01357', 'PF00831', 'PF01071', 'PF06835', 'PF02575', 'PF00889', 'PF04760', 'PF00828', 'PF05491', 'PF00338', 'TIGR01982', 'PF11940', 'TIGR01083', 'PF00380', 'PF01245', 'TIGR03426', 'PF00471', 'TIGR00438', 'PF01985', 'PF00312', 'TIGR01379', 'PF01746', 'PF01170', 'TIGR00643', 'TIGR03725', 'PF04983', 'PF03550', 'TIGR01144', 'TIGR00639', 'TIGR00539', 'PF01121', 'TIGR01133', 'PF00623', 'TIGR00657', 'PF00416', 'PF03610', 'PF04127', 'PF02096', 'TIGR01574', 'PF02699', 'TIGR01745', 'TIGR00595', 'PF01119', 'PF07498', 'TIGR00499', 'PF07497', 'TIGR03719', 'PF13288', 'PF02767', 'PF03054', 'PF00533', 'PF10458', 'TIGR00132', 'PF12344', 'TIGR03420', 'PF00712', 'PF13413', 'PF01084', 'PF02637', 'PF02618', 'PF04977', 'PF05000', 'TIGR03317', 'PF00475', 'TIGR02350', 'PF01386', 'PF13603', 'TIGR01951', 'PF04390', 'TIGR03598', 'TIGR00547', 'TIGR00244', 'PF02843', 'TIGR00007', 'PF00164', 'PF02491', 'TIGR03284', 'PF00035', 'PF02381', 'PF04279', 'PF03799', 'PF01197', 'TIGR01059', 'TIGR00442', 'PF02130', 'TIGR00019', 'PF06325', 'PF04359', 'TIGR01932', 'PF01281', 'PF05221', 'PF02547', 'PF00762', 'PF13184', 'PF00476', 'TIGR02966', 'PF01368', 'PF06421', 'PF03947', 'TIGR01079', 'PF00347', 'PF00670', 'PF02912', 'PF02934', 'PF00707', 'PF00091', 'TIGR00344', 'PF01134', 'PF01509', 'PF02092', 'PF00297', 'PF10369', 'TIGR01510', 'PF05188', 'PF04551'], 'GCN2': ['TIGR03534', 'PF02938', 'PF04364', 'PF02542', 'PF02357', 'PF00625'], 'GCN3': [], 'GCN4': [], 'GCN5+': []}
GCA_001567185.1_ASM156718v1_genomic	{'marker lineage': 'o__Cytophagales', '# genomes': 47, '# markers': 454, '# marker sets': 336, '0': 45, '1': 404, '2': 5, '3': 0, '4': 0, '5+': 0, 'Completeness': 89.59325396825395, 'Contamination': 1.0416666666666667, 'GC': 0.4394232287887315, 'GC std': 0.01130472001772861, 'Genome size': 3596296, '# ambiguous bases': 0, '# scaffolds': 118, '# contigs': 118, 'Longest scaffold': 223387, 'Longest contig': 223387, 'N50 (scaffolds)': 50896, 'N50 (contigs)': 50896, 'Mean scaffold length': 30477.084745762713, 'Mean contig length': 30477.084745762713, 'Coding density': 0.9111847300667131, 'Translation table': 11, '# predicted genes': 3639, 'GCN0': ['TIGR00922', 'PF00298', 'PF00490', 'PF03946', 'PF04336', 'TIGR00390', 'TIGR00457', 'PF00677', 'TIGR01927', 'PF02684', 'TIGR01579', 'PF00687', 'TIGR01464', 'PF06689', 'PF02548', 'PF04560', 'PF02591', 'PF02938', 'PF00466', 'TIGR00445', 'TIGR03990', 'PF13932', 'PF04997', 'TIGR00507', 'PF09180', 'TIGR00460', 'TIGR00855', 'PF03900', 'PF01218', 'PF02224', 'PF01379', 'PF02569', 'PF08442', 'PF04983', 'TIGR00444', 'PF00623', 'TIGR00486', 'PF04298', 'TIGR00132', 'PF05000', 'TIGR00763', 'PF02130', 'TIGR00019', 'PF00762', 'PF01134'], 'GCN1': ['PF00886', 'TIGR03525', 'TIGR01036', 'PF00673', 'TIGR01296', 'PF14114', 'PF11987', 'PF00453', 'PF06574', 'PF01196', 'PF01597', 'PF02631', 'PF02686', 'TIGR03534', 'PF11297', 'PF11821', 'PF01351', 'PF00237', 'PF00562', 'PF12437', 'PF01678', 'PF01288', 'PF03255', 'TIGR00531', 'PF08299', 'TIGR01462', 'TIGR00214', 'PF08032', 'PF01029', 'TIGR00644', 'TIGR00048', 'PF04998', 'PF12072', 'PF01193', 'TIGR00336', 'PF13368', 'PF01406', 'PF03461', 'PF01668', 'TIGR01394', 'TIGR02075', 'PF00830', 'PF08206', 'PF08676', 'TIGR00536', 'TIGR01069', 'PF02673', 'PF03147', 'PF01330', 'PF00203', 'PF00238', 'PF05103', 'PF00252', 'PF01653', 'PF03120', 'TIGR00368', 'PF00308', 'TIGR00628', 'PF02021', 'PF01765', 'PF03725', 'TIGR00634', 'PF03483', 'PF05430', 'PF00766', 'PF00154', 'TIGR03594', 'PF00829', 'PF02620', 'TIGR01084', 'PF03772', 'PF03740', 'PF06144', 'TIGR02349', 'PF13393', 'PF01795', 'PF00344', 'PF10150', 'PF10590', 'TIGR01885', 'PF13562', 'PF00485', 'PF02787', 'TIGR01356', 'TIGR00418', 'PF00958', 'PF06415', 'TIGR03303', 'PF00885', 'TIGR02210', 'TIGR00054', 'PF05697', 'PF01264', 'PF09424', 'PF00276', 'PF02347', 'TIGR01241', 'PF02674', 'PF13507', 'TIGR00965', 'TIGR01473', 'TIGR01929', 'PF00318', 'PF00327', 'PF13100', 'PF01808', 'PF04565', 'PF02622', 'PF01632', 'PF01207', 'PF01165', 'PF05258', 'PF02978', 'PF02866', 'TIGR00751', 'PF04613', 'PF04563', 'PF02576', 'TIGR00416', 'TIGR00552', 'PF01687', 'PF00281', 'PF11638', 'PF03484', 'PF03948', 'PF01725', 'PF02527', 'PF01502', 'TIGR03998', 'PF14126', 'PF04468', 'TIGR01750', 'TIGR01499', 'PF00572', 'PF01195', 'PF13484', 'TIGR01048', 'PF04085', 'PF01000', 'PF02390', 'PF01016', 'PF02882', 'PF13623', 'PF12327', 'PF00334', 'PF00464', 'TIGR00717', 'PF00189', 'PF00218', 'PF00162', 'PF14093', 'PF01113', 'PF10652', 'TIGR00705', 'TIGR02432', 'PF00213', 'TIGR03529', 'PF08669', 'PF02033', 'TIGR00485', 'TIGR03423', 'TIGR00159', 'PF08712', 'PF02602', 'TIGR01120', 'PF01250', 'PF02559', 'TIGR01125', 'PF05746', 'PF01624', 'TIGR00755', 'TIGR00691', 'PF08459', 'TIGR01216', 'TIGR01496', 'TIGR03188', 'PF02367', 'TIGR01085', 'PF02617', 'PF00750', 'TIGR00464', 'PF05190', 'PF01025', 'PF04561', 'PF03755', 'PF12864', 'PF13491', 'PF03379', 'PF00181', 'PF14349', 'TIGR00064', 'PF00627', 'PF08529', 'PF05833', 'PF01018', 'TIGR02127', 'PF11680', 'TIGR03512', 'PF09674', 'PF02403', 'PF01411', 'TIGR03723', 'PF01409', 'PF06071', 'PF01649', 'PF01702', 'PF05958', 'TIGR03346', 'PF00988', 'TIGR00389', 'PF01782', 'TIGR04001', 'PF11967', 'PF03652', 'PF02132', 'TIGR03302', 'PF04029', 'PF13732', 'PF02844', 'TIGR00436', 'PF01729', 'TIGR00233', 'PF03840', 'PF00121', 'PF01571', 'PF00177', 'PF03119', 'PF01259', 'TIGR00020', 'PF02410', 'TIGR00121', 'PF00113', 'PF00075', 'PF02075', 'PF13292', 'PF11387', 'TIGR01163', 'TIGR01347', 'PF00410', 'PF10385', 'TIGR00329', 'PF00366', 'PF01820', 'TIGR03999', 'PF14128', 'PF12169', 'PF14123', 'PF01884', 'PF01256', 'PF00861', 'PF13369', 'TIGR00422', 'PF02441', 'PF00573', 'PF04238', 'PF07479', 'PF08328', 'TIGR00510', 'PF01176', 'PF11307', 'TIGR00392', 'PF14129', 'PF08340', 'PF00285', 'PF02606', 'PF01138', 'PF02580', 'PF07499', 'TIGR00515', 'PF06418', 'PF00406', 'PF03952', 'PF14450', 'PF00825', 'TIGR01357', 'PF00831', 'PF01071', 'PF06835', 'PF02575', 'PF00889', 'PF02592', 'PF04760', 'TIGR01236', 'PF00828', 'PF10728', 'TIGR00928', 'PF05491', 'PF00338', 'TIGR01083', 'PF10396', 'PF00380', 'PF01245', 'TIGR00200', 'TIGR00732', 'PF00471', 'TIGR02254', 'PF08029', 'PF00312', 'TIGR03692', 'PF04379', 'PF01746', 'PF00163', 'PF01367', 'TIGR00326', 'TIGR00643', 'PF00268', 'PF00773', 'TIGR01144', 'TIGR00639', 'TIGR00539', 'PF10609', 'PF01121', 'PF11950', 'TIGR01133', 'PF11013', 'PF02629', 'PF01255', 'PF00416', 'TIGR03515', 'PF02096', 'PF02565', 'PF02699', 'PF00478', 'TIGR00595', 'PF01119', 'PF14121', 'TIGR00482', 'PF13567', 'TIGR00499', 'PF07497', 'PF04241', 'PF01210', 'TIGR00979', 'TIGR03719', 'PF03054', 'PF13720', 'PF11009', 'PF02679', 'PF10458', 'PF08331', 'PF12344', 'TIGR01245', 'PF02887', 'TIGR00611', 'PF01084', 'PF02637', 'TIGR00663', 'TIGR02433', 'PF00475', 'TIGR02350', 'PF01386', 'PF13603', 'TIGR03598', 'PF00625', 'PF03853', 'PF02843', 'TIGR03518', 'PF02491', 'PF00035', 'PF03331', 'PF01197', 'TIGR01059', 'TIGR02046', 'PF00763', 'PF02152', 'PF09822', 'TIGR02506', 'TIGR03522', 'PF06325', 'PF13167', 'PF05670', 'PF01580', 'PF02739', 'PF02545', 'PF01281', 'TIGR01349', 'PF00056', 'TIGR00239', 'PF02749', 'PF13184', 'PF00476', 'PF09190', 'PF06421', 'PF05198', 'TIGR03513', 'PF03947', 'TIGR01079', 'PF00347', 'PF06491', 'PF02912', 'PF01220', 'PF00926', 'PF02934', 'PF00707', 'PF00091', 'PF01509', 'PF00297', 'TIGR01135', 'PF07659', 'PF00183', 'TIGR01510', 'PF05188', 'PF00303', 'PF00118'], 'GCN2': ['PF01634', 'PF03989', 'PF12627', 'PF01743', 'TIGR01379'], 'GCN3': [], 'GCN4': [], 'GCN5+': []}
GCA_001567345.1_ASM156734v1_genomic	{'marker lineage': 'k__Bacteria', '# genomes': 2921, '# markers': 149, '# marker sets': 91, '0': 6, '1': 141, '2': 2, '3': 0, '4': 0, '5+': 0, 'Completeness': 94.50549450549451, 'Contamination': 1.6483516483516483, 'GC': 0.4230453207288834, 'GC std': 0.025242700208255135, 'Genome size': 3895767, '# ambiguous bases': 0, '# scaffolds': 86, '# contigs': 86, 'Longest scaffold': 346096, 'Longest contig': 346096, 'N50 (scaffolds)': 77273, 'N50 (contigs)': 77273, 'Mean scaffold length': 45299.61627906977, 'Mean contig length': 45299.61627906977, 'Coding density': 0.8513229872320393, 'Translation table': 11, '# predicted genes': 3819, 'GCN0': ['PF06574', 'TIGR03594', 'PF01687', 'PF02367', 'PF03652', 'TIGR01133'], 'GCN1': ['PF00886', 'PF00673', 'TIGR00922', 'PF11987', 'PF00453', 'PF01196', 'PF00333', 'PF00298', 'PF00237', 'PF00562', 'PF00253', 'PF03946', 'PF04998', 'PF01193', 'PF01668', 'TIGR02075', 'PF00830', 'PF03147', 'PF02873', 'PF01330', 'TIGR00615', 'PF00203', 'PF00238', 'PF00252', 'PF01765', 'PF00829', 'PF02768', 'PF01795', 'PF00344', 'PF00411', 'PF03726', 'TIGR00418', 'PF05697', 'PF00276', 'TIGR01087', 'PF00318', 'PF04565', 'PF00687', 'PF02978', 'PF04563', 'PF00281', 'PF03484', 'PF03948', 'PF04560', 'TIGR01750', 'PF00572', 'PF01195', 'PF01000', 'PF01016', 'PF00189', 'PF02938', 'PF03719', 'TIGR02432', 'PF02033', 'PF00466', 'PF01250', 'TIGR00445', 'TIGR00755', 'PF08459', 'TIGR01085', 'PF00750', 'PF03485', 'PF04561', 'TIGR00435', 'PF00181', 'TIGR00064', 'PF08529', 'PF13932', 'PF04997', 'PF01018', 'TIGR03263', 'PF02403', 'TIGR03723', 'PF01409', 'PF06071', 'PF01649', 'TIGR00460', 'PF07516', 'PF00177', 'PF12631', 'TIGR00020', 'PF02410', 'PF02075', 'PF00410', 'PF10385', 'TIGR01063', 'TIGR00329', 'PF00366', 'PF00861', 'TIGR00422', 'PF00573', 'TIGR00392', 'PF07499', 'PF06418', 'PF00831', 'TIGR00575', 'PF00889', 'PF04760', 'PF00828', 'PF05491', 'PF00338', 'PF00380', 'PF01245', 'PF00471', 'PF00312', 'PF01746', 'PF00163', 'PF04983', 'PF01121', 'TIGR02012', 'PF00623', 'PF00416', 'PF02096', 'PF02699', 'TIGR00595', 'PF07497', 'PF12344', 'TIGR00593', 'PF01084', 'PF01043', 'PF05000', 'TIGR02350', 'PF01386', 'PF13603', 'TIGR01951', 'PF00164', 'PF00035', 'TIGR01059', 'TIGR00442', 'PF02130', 'TIGR00019', 'PF01281', 'PF13184', 'PF00542', 'PF06421', 'PF03947', 'TIGR01079', 'PF00347', 'PF02912', 'TIGR00344', 'PF00297'], 'GCN2': ['PF00684', 'PF10396'], 'GCN3': [], 'GCN4': [], 'GCN5+': []}
